user_id,user_login
780d978c-ab7e-58dc-8428-1a8c0a39f43c,yasinduksiye1212-stack
1370ff6a-4cda-5827-9bae-6258715d343b,DOUGLASDAVIS08161978
bf4028c0-f54f-5f7a-971f-41de0ac32955,rmuhammadakram789-eng
d7f5e603-89a6-501c-9814-a398a3688274,WilliamBerryiii
23dd7597-630e-58a9-9795-d4b84049fa38,microsoft-github-policy-service[bot]
157a07c6-cbd6-55c0-a7cf-5e3409583f62,dependabot[bot]
f408185c-e0bd-55db-a022-53e5fe3aaa28,aka76bm
546e2138-3399-56e9-88a4-cedb51756eee,Lawd-STAR
993a3a3c-575a-56fe-8535-a8aa377b734b,Hongchenglong
c395e8b7-364e-53c4-bbb9-74c363b0bc6e,juharris
83fe28ac-d60f-588b-be29-05423220f4f3,kirit93
69dd9c54-1339-5ef4-9a12-314d5506d90d,glbwell0
648fc71e-7c70-56c0-98de-98ec3b769da1,avapdb
1e961212-d3dd-5ed1-a695-330b374e9ae1,milnet92
26de5df7-08a4-5e01-b964-839b0327b47c,FH-Inway
98e60a19-12b7-52d6-a7fc-758789cd8a58,TrudAX
f66606f2-76b9-5eb5-ad84-2f3c52f3130b,flauest
4fbfaf2c-1b62-541b-8ee8-598f9a7270e7,cdrehlich
bd2d3c49-21c3-5bf6-8ed4-50f7ce0bc577,Sigvelli
71692449-4221-5684-b09f-6dafdd641474,sirXalfred
a10d207c-248f-52d5-9140-c1138ee5ea50,Edexde
f73fd7f7-7d1a-567e-b4d5-81b663348ead,aborse555
3664a50d-3292-5be1-9d34-9e6e77b573bc,SundarapandianBalasubramani
6209d0b1-bcd2-56b0-b78b-0498d869f7d7,sabrinadirnboeck
3b382dec-fe37-5024-845a-4c3342c2eb96,VijayalakshmiVijir6
93dc9ba6-5cf8-54d8-8f8b-08b033f2f76f,Ernestcollins15
d8c572ba-aa4a-513d-a394-88f513aaa636,corriespondent
1f2ed83e-00f9-5f37-88c1-921a8757ba19,NovoaDev
f1ebb344-a4ac-5056-858c-a41e9534c10c,shadrackkiprotich
bd1a0e6f-8f66-56ff-84f5-6f933d8ab834,Yusadem131
292e0ffd-bcbb-5cf7-a102-4c387ed6f90c,nitya
bfa82123-8868-5b75-a85e-a1d2a6af8a59,juliamuiruri4
a0ab4aa1-f435-5a8b-85b1-dce8f37f1775,shreyan1999
6866ec0e-4544-54e7-8555-981214f5b227,leestott
3596c0d0-2507-527a-b330-5396068576f6,fowie
a4df7ed4-ec94-5464-9527-ae437e92118f,thiagospina
39054a2b-2282-5d83-850d-726c6a01751e,misroka
8791a132-8b3a-5b20-be5f-c0afb0a1c533,goodrain553
b0abef60-bfac-5563-8cb2-f3970369a609,zimoli-lamda
cc927516-3711-5d2e-ad13-16a5a725f3f3,KishoreP1
ddb6f89a-e468-54a2-bd06-25e167c131a0,KeyKy
e2f52e4c-b851-5d6b-a52b-189a2069aab9,TartejBrothers
50acd3ce-ebae-5a90-80f9-b2a0f882a304,mfairchild365
22a0db91-41cb-5e4c-97a4-d0cacf6cfb41,hacki904
fac46ae9-fe09-5248-8b34-a9361e68d5da,albert-widjaja
4b4817f6-3719-590a-b1e1-eb8c035de426,HaikoHertes
901b28e3-f799-50e8-970e-498808be48ff,emarzanoBNY
31fa59d3-8cd5-5619-b057-d561a13dc497,Ch4rliePL
3024a338-bbb9-598d-8a9b-0c415bbf2ffc,ShintakuNobuhiro
0e40e823-599f-5a13-a010-ced93487545d,anesthetiize
c78b228a-bca5-5898-94e5-137c4998f82d,sopelt
22595547-5509-587c-8892-a004bf597436,sbonds
4057b3be-2885-5bcd-8a5a-425708270c05,bowlerma
c0c592cb-292f-5620-b20c-87c688529fcd,emichellecarter
1bc90068-26a7-57e2-93fc-38b895a084c3,aarnold-sd68
54cfa520-3ece-51e7-9e0f-51fc0c663ab4,FIMTooler
736185e9-58f0-5057-9b5b-c905157d1eca,wing5wong
bb74cc23-c3ee-5c15-979c-19b66bd0c747,justincm
3410a040-12d7-5a14-8161-cbf0ad951d39,PDM314
b81b04fa-8eae-5298-8b5e-c57c510e62c2,knowlesy14
dcd9100d-ff2a-5017-8174-0124e519391a,TimvdVooren
d2d8d7f7-5e39-5a2b-af72-ef8392825d27,smithemely
307e4409-56e3-5120-9767-636590a4b2f7,filip8600
e6bb6081-bd4e-5620-bcb7-0d7f3dde6304,mth-dwarf
4af646c2-eae1-5660-9861-65f4636b361b,kzjn10
cdcd9b7b-61bb-5725-9abb-3fc9b0157ca9,allamiro
3f75dc95-48b3-5d0a-addf-7f78f7eba451,vollschauer
f17790bc-4ee6-5a3e-b736-5524f530c1cc,RobBerg74
44d4d24e-2940-54ba-9f38-bacdacbb0659,ivassallo19
9e5b38b7-17cc-55e5-a14b-33a4aa41906d,mobilemcclintic
62d1b134-36d9-5abb-a792-c465e30f401b,simon-baer
6186fdf3-2e02-56b8-a59b-758e02832bdd,johnuetrust
e88bc0d1-4e51-5562-a59e-bcb25a5f6936,macodogg
186ca238-4161-53d3-8cb1-369cb19458fa,MikePalmer75
ee3a2d4f-6501-56ba-9dcc-8c62039066de,DM-Menno
0f556b6a-7f0a-50a3-8bb6-d1aa97d3fe38,AaronMargosis
4b2af4b0-dcd1-51db-91a1-f30b70fe8550,CyrilleFranchet
782bf1f6-c3c2-5e64-8904-aba0475ec5f9,rmoreas
b8ad2198-7059-5e69-9cbd-50ef34f05e84,dp001
3d3430af-38e7-54db-a7e6-9bc818e6fc32,FriedrichWeinmann
52310553-ed2e-58ce-8375-6ff47f855cda,egger-dev-team
64113b0e-26a1-5286-84fa-5bc688035886,bilencekic
3f7e6cd6-d2fc-548e-8304-e85e3adf1065,kikd828
67fcb49d-fbfa-55e5-ad26-58479c1dec3a,PaddyCube
ab2c2ddd-1cdd-5272-ab25-5d635837fd44,ulkeba
b68c75d3-1e56-56a2-b0a9-5af8795b9c8c,gregorwolf
6dec4f05-5a50-58bd-b249-bdf218d4c387,abap-weasel
658e2fd8-0d74-5ff8-893b-2decf51dc98c,ling1726
5bdca7d9-683a-531f-97c8-3e059c10fa1d,jurokapsiar
c92aa817-8e0f-590e-83d7-97edec2bd2ad,pompomon
e5a66188-f1a0-5053-9836-01f1ca0974ca,chpalac
43fe998b-8cdd-5b8c-acad-39b5274cdc8e,TobiEnveda
74db189b-a99b-5b55-8a49-0edd5ba24d4d,reikdas
f8460f9f-ad22-5697-abf3-edd9cd45c571,pommedeterresautee
2d58e027-6568-523d-85bc-1a183e61e453,lisaong
9c709ca0-500e-5696-a9bb-4f1ebe3a3893,fernandoferrini
833322fa-23c4-5545-a2fd-6fed5836850c,flofromm
0693b8a8-0e35-52fb-b39c-af5dc6d7421c,v-prajkpatil
911ebd4d-d2bf-571c-b631-457f7737ad7d,ashwinGokhale
2fdf6ae6-e44a-582c-a700-cbd2a27aafe4,v-viyada
384ff8bf-b6eb-5363-90b3-971396e39846,v-dchandana
12f47ed7-730e-5ffe-8042-c9a090796592,katydecorah
c2151012-e84b-5441-8481-9649be2e3f2f,damongr-msft
3955412f-a619-5382-b61c-22aab6b8bdaa,yinonov
47696d6e-464b-597e-8d01-a44d6d5a184f,v-sohmondal
ad52ee1b-5e3e-5b51-9351-296154a3f15f,v-chekreddy
450b1215-0e44-5eee-99f8-192ab29834f7,blackfalcon
93a4b514-b08b-5690-9c37-19afa7d91aaa,slauriat
7bb7a368-25e7-533a-9779-0a93ac848f93,taylorchandleryoung
b3faf00b-e085-5b17-906e-ade34884bb5c,v-deepaktn
f4a05f7c-4058-59ac-8614-a5d1e3e53aff,Shirly8
2f6a70b0-2306-5a8b-8392-15f50f030eb3,garyb1
661d3f9f-a01d-5b6a-b488-a71c61da0b9f,codeofdusk
21fd343b-f312-5f47-b427-9b6469960018,v-singhanjal
d66adf86-62bc-5bfd-b2cb-aa001cbe9a9a,joppekroon
2dd7f312-b04d-5d61-acf3-4ac5dd39aef3,mandrasch
5f92f6ba-fa0f-5c15-b400-65da3bf40359,ultrababs
855386f5-77fb-5951-aa8f-fea239032bcd,ben-basten
0d1c4474-8355-5a7b-82ed-674235049788,v-rakeshsh
21dba9c0-eed7-5cd6-af4d-55310d3c97ea,joestegman425
c7a81218-9c13-54a6-9852-b1a938642932,Livven
210a7e7d-371e-5f5f-b60f-f39e7a4e3aab,HuanWuCode
0eba0de0-48c5-51cb-8749-a4de6b4d166a,bitstarr
5ab41238-d462-53d5-98ac-2c293f197611,jeremyZX
64225aef-5b53-5b56-8e95-763cd09f65dd,anipv
4276319c-c0f8-50a6-a7f9-16d93152c6f6,madalynrose
dc686c32-9b26-536b-b54f-5e1778a0171e,JGibson2019
b397d010-f72c-5ff0-ad68-5c8d833d4003,rohittarpara
5d4b26c1-5bbb-5ce6-bb97-2dfa94cadd85,sfoslund
ce0ed327-06f5-57fd-8b54-83f79fed3df2,dbjorge
c9eb4976-a110-5153-9256-5e155e95cfd5,jsnmrs
a7b84469-2721-51b0-b1df-471df5fbc752,Sciurus7
4e8deda4-ff9a-520e-a58e-30237d91e41b,mgifford
d2f08cec-f5bc-5769-9704-133de4513310,DaveTryon
aa6ec474-de53-593b-9033-368ab54f33f2,cnamal
549c1b12-a95b-564f-9fea-5eeb9a18e6c4,hollsk
e9990c7e-fcba-5ba5-80b5-a7b52dde1e62,HouEthan
c2da6c36-186b-5d87-8a2a-02cf8d26a41c,olgatolk71
85c450b6-4199-5c3e-90fb-9fad79042276,agweihrich
d7260258-72f4-5092-abb6-425dc6d92f0a,caaavik-msft
de2bde14-c807-524b-b875-bb867d9f3c23,ChrisLoiselle
9373f159-ce25-5d30-b9c5-eede869d1e7b,skuskusku
d836988a-446d-56f9-8d34-b2ecbe1797a6,JamesDaly01
71954a8b-9114-5772-8b7b-9ca9607ada7d,justinljw
430e4c56-8850-5d7e-a266-6c599e19c98d,lisli1
78bf9018-688d-5da3-8bad-e0716ceb196f,chenzhuofu
c516bb1d-353a-5e2f-a8e9-a890767e274a,mun3im
76578b77-cd3e-5f81-bcc2-d99f87337d6a,LeGabriel
ec240ff1-1ed0-5bf2-beca-300bc96b7d8b,ajitdash
34f1eff7-d4a9-51bc-abaa-43a48f35236f,ChristopherL-STCU
7272bcc9-86cc-5283-8fe3-24fa5218c042,Medarkey
820f07c2-8a60-50bf-9b26-f24e82034051,dawnburst
70e00c9d-ecdb-5e54-b9c0-b9dc9b66b2b0,shaharz-lb
eb6f9fd4-9a17-5cc4-9880-af679c808201,arledesma
97858498-7819-5f32-aea0-4e7c2e693ff2,fujiant
1995100f-b311-5ff5-a4e3-7c89ebc5b4e2,noapocalypse
dae1e2b4-a471-5444-97d3-8a3c2fc151b6,learnprofile
cf73673c-668d-5456-a307-7ac5d86b0c2b,Steelskin
d94c33a7-a591-590c-8d46-f2fa00981030,Yuriy-Sharamaha-Imprivata
c7bac6bd-c297-555e-97bb-a21bde17a118,maruel
e0a642c5-65c8-5948-8209-3ebb76009733,tristanlabelle
056ce3bb-bec8-5fe6-81ed-8e23fbbb0ab3,MRYingLEE
269b37d8-a1aa-5596-acbf-eae98b1d5158,compnerd
899590c2-26d3-5af8-8c72-baf6e0a5eed0,tanmayghosh2507
aa9a40d8-0f19-51de-af79-8fa73312a9b4,JFolberth
0ed43d79-a682-5fcb-bdf1-a15e3de70066,Ykid
a65a5458-2d64-505b-b4b1-500b9c9992dd,MingCHEN-Github
b6212beb-5e18-50bc-9f7f-5d031f7dfcc9,AG2AI-Admin
7ca0d0b9-ad69-5067-b9c6-51b67819f434,adalrsjr1
c56ef15f-531f-50da-9953-3d84d8acdd2c,Jerry-Master
6ba3a934-ff85-5af1-8e76-afd983d0a266,YouAreSpecialToMe
1b0abbdb-ba59-51ed-a6ba-9a41f53eb53a,krisbock
0f65cedf-4b24-5175-95c5-dfbf013b84bd,lukevs
6cf2456a-d357-50f9-aa8b-f6379374b1f9,ZebinYang
8548697f-4f87-5979-84b9-d00fe66ce22a,nking-1
d485fb7c-3373-5d33-b952-b253f1d4fc65,yh-chan
fe371440-c537-50b9-a518-dbca35ed7150,guanqun-yang
f9e81989-2d13-5389-b456-a5fe0975500b,Harsha-Nori
47d95b46-a95e-5bf7-9ed1-c9ea24047b8a,Rishikesh6521
3746f969-3d09-5565-96dc-69650c99bb04,vinnarayana-msft
45290e38-02fb-5676-a03f-823ff1152d65,whites2015
56148f2a-59ed-5bfe-a6f1-5993afceed06,rido-min
83651214-3af1-598f-b2d8-eef497dbdf93,vagpt
bf4bf107-b1d1-52cb-9833-1102b3b9bfbb,RahilFaldu04
755ed6be-d6f9-56b0-b828-5bdc2d2af97d,gdumic
0ba7ea75-d802-5adb-b20a-067675144882,JialinHuang803
5d561a0f-0477-5b7e-920c-4efdf5ac8099,sibaji-vayu
73736b11-22b5-559f-90d9-6f4491e120c9,AnushkaDalv
c35b0330-e773-57e8-a7d2-f9bdb3ee5adf,ceacloud-hue
4b75d3e1-ad82-54b5-8438-c61f8540025b,jker-org
95487167-e83c-514f-b1f2-ff7649e92fe7,Manjurul10
695b5aae-340b-55b3-a034-811be2017baf,soundos28
cd93387a-9f78-531b-b703-58160b8729a7,z3019494
7d4ef8d3-bc52-55a5-8b02-f97b81d6d82e,Ashrafn672
1f709c7e-21d8-52a5-b8f4-f9d6dfdc8552,fowl2
c083f1a9-0542-594f-b8c1-aafe7d8a3b2b,jiripolasek
b24feb27-822c-5f28-9c04-9a877ce1bf6e,adstep
6d30f113-53ca-5b6c-ab46-b0e4cd785a4d,dimovpetar
75837f2b-5fb8-5c64-8a6d-afa8c00058a0,gladyswhm
2b2daa6a-365f-5dc9-862c-22b58efa2e5e,brche
08190827-e5e5-5ea4-8cd6-a20ec1fbd472,kevin-boban-glean
a6d0e2fc-c3ca-594e-bd04-2042354354d0,m-akcan
7476bf11-8ea0-584f-b5e8-d3686fc25f57,bohdanaims
ca3a3d84-c09a-5a45-bcdd-a8d4603e2a67,MamoruKuroda
b523f386-4e63-51bb-8abf-a73af5c1e544,AlexRen01
e5a058c5-6666-5bff-bb8b-011edaa4dfb1,dmitrijsc
1a824c13-34f3-55d6-904d-a964ab3b089f,MugdhaSMundhe
f16ba483-5c41-54de-866b-8e5190b43ef3,jdimeo
6bee8b79-2c3f-5202-8f60-f54338c8f657,giantmolecules1
e343cfff-f11d-5621-85c4-84ec43534eef,alexandreakdeniz-soc
e7986fea-2f52-5dde-8cf9-244485dc0697,sschoeb
90040bd3-b121-519d-861c-6d748750c8f1,davesmits
fbca5efe-c7a9-5244-be63-1e7396036552,mawiracaptures
a22c1f3a-ec0e-508c-9171-f4b0216e6982,Raisul123
ad59641c-8263-5d49-a3c1-1b98f1a935de,tobiasviehweger
92b3fbc9-f960-5d26-a23c-7bafa6187cac,wanlwanl
d671cee4-fa10-53d4-87d6-4b3816ba19d5,sgregoire
9b9da5b6-7e3a-5a1c-a912-62bdfaef0b97,davideberlein
c7c7a5a1-46f2-58ea-bd6c-220d4c986ae4,MarkusWeiss-Ehlers
dc192702-1d90-52dc-a154-399be25c57eb,rbuibas
7fdfba03-4628-5c79-ba3e-f8166357c754,ccwwwwww5
22c4ce00-a979-5a12-9669-93d9e8478b1f,LR1093141031
08cc4564-9011-5226-9d91-86eb2c76d3b9,AmrutaDhumal02
d1467fe3-442d-5a04-ae13-3fb5f7a491cc,MasonBergstrom
569c6362-f80a-5bc9-9f89-e6700d78abbf,SatyamSinghRingcentral
0d6f18ae-af22-5ef8-bfa4-e9b6485cfc31,Copilot
e6f0a3d5-42dd-59ff-9271-f61f06d46657,wood1986
55fcb51c-36a3-5889-a031-f7275548de80,yeechilau
f1033938-7304-5678-ba9d-906e0e7ff2db,Shruti-MS
694b9b6f-f3cf-52ec-ab66-3cf1caee54f4,liuguangyicao
19e51b35-393e-5178-b9db-a92635cb3ae4,sarojinigarapati
c7d3997d-a336-515d-bd29-de4ff271f1bf,MajaEffenberg
fbfc2f0d-43d7-5118-a0c0-069b98e21b23,achebrol
e7577f20-3135-5f88-9123-dee6ee82e145,tvvignesh
480f132b-d537-551b-9f40-d5a6cae1bd4e,ccdev1205
558c693c-6b9a-5af1-b912-874267c1ceb8,IntranetFactory
b1a4a8d4-a1f2-544a-abf0-9267c9e05320,thompson-tomo
7b690a26-0e6e-599c-a5aa-ba80ecc79346,jvert
9c9db491-1fe2-5053-b1b3-e16fba101001,netnimit1998
065fc3cd-a891-58b6-a464-bde7eec89c00,samaraneni0717
f972bcba-7c3f-5d09-97b9-ec0fa2d77985,Luspin
04e653a4-cc11-5295-95f0-090ae96d15e8,THARax2020
dd7efcd7-9019-56fd-8837-6ed63f7d34cc,AndyEdmonds
f88e0b4e-4460-568f-bc6d-b28fac950ce9,HasnuddinMohammed
b3ad7c0b-d4da-5ef2-9b6e-dcef36442307,vcb-optibusiness
bcffd553-3a9b-5b24-93ef-f4a01b1b9b5e,simonmurrell1979
7db87053-7fb0-53ce-9b9d-d839a81182d3,philnach
b3b35564-a011-5d01-8114-16037e2bf831,sabberworm
d3db8364-8ebd-5e9e-a10a-45f64ca1e666,ReneGubler
57f8d570-a9e8-5853-83fa-6c9ee080d908,vascobueno
1e76d01a-581e-5294-af19-67a995a75898,JaccovdP
d8a822e1-5baa-55a3-b750-1edd3b45da22,mkauroaktreecapital
c148c5bf-1171-569a-926f-2cab96edcf74,dongle-the-gadget
88cbe142-e1a4-5395-b352-bd07235b8df5,shambhavisudmsft
552b0abb-af5c-50c1-bcd1-045c8d771b35,Onokaev
1a050fc4-a398-521e-ab9f-23e979e7e663,anuthebananu
75361427-ca29-52ee-9152-dc739e73caa4,sebbiechu
153e762b-1bec-5621-8c51-a7b7b4dce28f,ritwickbhargav80
2703b52f-eff7-5d55-a3c7-d2d94d7e14ed,sayali-MSFT
71350927-c428-5218-bfc9-0193fbbfa4a0,mink-ms
f77b216e-cfff-5f2b-b115-0172834063fc,yack1
fb8ea41a-a219-5678-8084-139d2e23a268,Charan96766
1b50c8e3-7f35-515e-89e2-247bd9465ef9,Pitos1000
28e8aa13-4d51-5623-99fb-f7b3f32e4d8d,xiaolufei
349dd344-5197-5d57-8c73-aa0e4f6a817e,sbaluja
39591c6e-ab53-5461-9fa3-0fc7a343f0e9,ddoorn
efb47e9f-d0eb-53b5-8bc4-520f950f75a9,theknut
ca7d91bc-099c-59d6-87a7-1481caac6adf,heddendorp
fb2b488e-157d-504e-9f2c-4b3c712ad068,dineshary
592acad1-5a6b-5ad5-bd47-9310e365dd75,TheHokieCoder
dab1b636-10b6-5e9d-b5d8-3f8e787ce6ed,babs
35ef96c6-1a52-581b-afb3-6884e863c90a,aamir-mns
f117b6e9-f200-507b-95c8-ff6c23b9a645,cwacek
4da6ea31-8a89-553a-a5e4-b6b81f84e8a7,3rror404
2f16ba92-f5c9-53ba-a117-59c46dbed9df,devilmuscleman
d8257fbe-56a3-57c9-a21a-f324bee58eca,bvalentine-cb
d05b13a7-295b-5f5c-9424-417cf33e925c,TikitTeam
ec13db94-113d-5810-81bd-6d2d045f59a5,Farcemolina
74beebce-6938-5b51-b791-b490ee19d5bd,StarkDevelopers
b1a44d79-c57b-5fcc-a6c3-e9c6537e3392,bayashka12
f137f64a-41f3-55ef-b0a2-dc43e6b63ec0,patilravikiran
a9693b1f-dc99-5379-b379-bafd43bb5565,vskh
c3c8899e-96ba-5831-bab7-5c9589e12fe4,qris
5ae446f1-9d59-5404-a4ca-469cedfb2402,erapade
6c54d18e-8a19-5001-8e95-c2fbea572fdc,Briben1977
3e32742e-51e4-5db6-93f8-13347b0c98eb,mrzinger
2954de2b-625b-5436-a1ff-acfcfe6ec3cd,SeanMazgay
316ba981-ede7-53f2-b493-69f518f24208,SalihTalha
f2020d12-62ca-5241-b2b5-9e92543663b0,khannasid
8ccc52c3-120d-54da-a399-25c03a63a941,pavel-smirnov-sephora
01ac998a-a778-5822-add8-749a69b07e88,dmenagarita
51f23d2a-2bd0-55e1-a6f0-a0f8d94eda46,cz-dev-ge
39a6232a-aab8-54e4-8311-efcce8e70791,MaddMugsy
efe9ae49-7c50-5dc1-af19-bd51f618af63,Diegorro98
5c966ac2-a5eb-51a2-a61f-57beaced7c71,athisha1
24d2d667-a035-5a6c-9896-64f873445d67,wchristi0101
bdad44fa-6838-5eaf-8539-21098408003f,beervoley
ac794215-f8cd-5acd-98b9-7f624150f719,WilbertWalrus
d17d81ee-a2ed-5329-9a64-6521b2f58341,calo-chen
fd952c51-1b71-515f-a537-281519357f6e,mpec
57dd68b3-61f9-5d86-be6c-2db7da5a9730,theentropic
4e63dd22-c5c1-5da1-a2b8-5a091052c672,dhoehna
93674f05-bb79-5973-9a06-e82e1b8e9380,vponcet-sg
22eb536c-9c0f-5633-ad6f-748f1bbc8809,BroRa77
0b8b9788-ee37-5b1b-9982-44f6ac833aad,lindexi
70127fd5-0957-5b7a-989b-e4b0016a7e92,SuneetAgarwal
d97ff058-7626-5136-9b45-a605c25e022b,wanghaisheng
84120b03-35ff-54de-8d41-1a8ec9fc7b45,anna-dingler
7da13435-7edc-572f-b502-58b40b11af20,StevieBleeds
72bc30e7-6016-5104-abe2-a4167d0a0f71,mike-iqmo
7662b218-9a5f-5746-b4d9-947b583f5305,dotnetjunky
0b62d045-f9f8-59b8-8b82-608f9a490c61,Mortivor
f3d8f051-8584-53ce-a9a3-8f789c0ed91d,tomlm
a3a97278-2d39-5901-adaa-750bff403131,jwoo-msft
7e77d6a3-3545-5b2b-82e8-87d12dd2bfbf,LucasCXavier
393e7c77-8eb5-5c74-942a-8a7d749bbc1f,danielmacedo90
e6333f02-9465-5ca4-bac3-381639ef358c,sgowri3
4d74305a-014b-5018-8955-197b42006fb4,subramani-narayanaswamy
9234728e-4f39-536e-8415-5797abee6c4f,RichardLun
161cd538-9913-58d4-ba8e-afbdc85549c7,Jakob-Kaae
d7928e40-cf17-56bf-8d79-83ece56b0ca5,gaurav-simpplr
2d6a5a6c-99c5-5940-8252-0a0430d3675e,sosharm
b6d6b9fa-a2ee-5e8e-b50e-78c62ba8a363,shirleyqin-msft
20f49476-e6ee-59e5-9c93-759c25181bf6,krschau
82579932-7606-5b54-8983-9c44976d056f,agarwal-priyanka
6a10b571-53b6-59ec-ae20-50e501b6c8a8,akshataggrwal
c091d919-9324-5868-91a2-caa4574f0653,Cjoshua2
7ef5d878-7506-5347-921a-4174706b5578,clowdrgn
c16a317d-5e0c-58b6-af0e-ff6cd17ab020,Narvath
a8710ae1-b491-5754-9d1b-37ba99e5d8e2,RRoseDeltek
af9350be-d271-5d1b-9fab-24a1d14cf5bd,burhanshah
73dd225c-30f1-5ad9-904c-a4c3f4a3a7d3,Koning53
e5ee3526-5875-5aef-b19f-1e759aadacce,sandeepvootoori
6ba1d8ee-6f99-5f64-add8-ea79698e3941,fffffatah
c8484539-5ceb-552c-9f37-1429a8b45118,kooooichi24
383e4eac-a7ac-5004-8fbd-c9a399cf3684,JumbaJookiba
f778d7a8-b8d3-5332-bd09-a193f1d16b57,johnwiese-ms
1189d1a0-1496-5fc7-95e1-e5367f3821ea,aayushbarmecha
8ebfb418-059a-5fff-817c-5cd500fc9592,olie-d
25bdc4cd-d43a-5c11-b5a2-730f07efc5cc,ketakig12
7364c92b-7618-5d95-b381-5d5f053bdfd7,almedina-ms
84cffea4-1b93-5c49-a3a3-0383f791aa59,marknadig
e1b76864-ff28-54f0-8312-9ac36688363b,steam3d
f31b0ada-369b-5a12-97be-7d7be0b29400,guimafelipe
e13ecbf6-dfd7-5f0a-a78f-b9e892f92f97,jiaxuwu2021
c16f058c-dd07-5217-9096-9720ef7bac86,benngermin
90e757f5-2308-5b7d-b42a-4c89ea19c55f,momongah
ab18ed5e-7de7-5689-b0f1-a91b1a1d4642,86driver
c07da4ef-fa50-5764-8efe-8b22593cbd56,balaji-sivasakthi
e987a3e2-df65-5421-8657-1ddc0a6dff7a,dido85
ddd94ba9-e0c1-53f9-b673-be737e1882c0,VonOgre
a170df06-19c9-50e4-b802-1f442aed0c64,miminum
71b776bc-0e29-5bbc-90ef-9496d6612a61,AndersonRanyere
1a3cf0aa-12f2-5ba8-b779-05f02e0d4d25,HansDahle
6295d171-82c9-5600-be0f-7bba2b74a93b,kiranpradeep
6cb8729b-9d9d-5845-8902-b04346411184,StCross
e11cb964-9754-531e-b3e0-52f02aa0cf19,karthikraji2020
c3088b64-f45b-5621-95b7-98963651c119,Neeraj-swarnkar
6066e50b-b863-5201-a399-bd3acedb7c1b,emptyheadcode
45348943-6ab6-5ebc-aaf4-1e4e0aba11c5,tomflenner
73299515-6e20-5378-b1e4-470a24c608a3,vaishali1397
a4535099-087e-5653-98a8-b51e9b37efa2,dzearing
eb33d352-b104-595c-ab7c-2bf256aa10b2,karun19
f1dc80ca-8f6b-53f2-9a1a-fbf4dbb995b1,ayushhhCSharp
ce7213eb-b643-5fb8-a75b-5526de60916a,edwardKatsCourse
d86ee0d6-65ac-5127-93bb-010772a71b27,abdulrehman-msft
d076fcf3-ada7-5c1b-bf65-dcc191799d5a,IAmDenysSamoilenko
3a193fd4-0295-51e5-b488-32a6b2ee008a,eyadon
0150a38b-9826-52a8-b782-3e0ee27edf9a,cagrimunyas
b04b8c83-4a3f-59e3-a360-8b6643457b24,paulcam206
00ecd438-30f3-58bc-a9d8-05dad19098b6,RebeccaAnne
c0ab809c-77a5-566f-a0d9-ee241829d253,AnanthJanakiram
57f9f0a9-a176-5304-a4e7-50633913ef42,qpongo
ba416ce4-570f-5483-b156-c1e8b48456d8,freemansoft
475ac0fa-c1ef-5702-b1c8-deef9831912a,lgtm-com[bot]
252ec289-39a8-5b37-8ea6-aa6196d3649b,sebastienlevert
3d771eda-c009-5f72-a3d4-9e66ada938fd,ElinorW
662d6557-bf6b-5094-9c9a-41524d8e2509,gravlindon
16f105c4-30c8-5b6c-a66b-ba4b99010c99,karolyxy
ce773c00-f36b-5c09-add3-6c8652e0d68b,michael-hawker
8ff7f3bb-8106-5b90-a519-c9e7b0c187cc,manhpro1
5397b1c9-acc0-51b2-8e53-200af5bc2bb6,stephanbisser
4eff2e2c-2e0e-56ae-b208-a8ba87a25532,kevmcdonk
8613db4f-220f-5f13-ba0b-261bc1bd9b2d,matthidinger
b7764e82-ae12-5bb3-92cc-1da5ce45db45,viperfx
6b471f31-60ef-5af5-860b-3bec9d61d3c4,hinojosachapel
bfc709d0-bafc-54e0-87b1-cb825ac4e577,DeeJayTC
cd7c7338-06f0-58ec-af73-ae586c09faba,jrowlettmsft
ee20d7cc-34b0-5208-b6c1-18f0506eab8c,JefTek
f7826303-8020-5295-86b7-cc6f053a957e,maordadush
83aea2c4-957f-558f-9316-4cdb280204dd,OlgaVlPetrova
2ebd607b-0362-5661-a5bc-77650bfcd932,Paul-Vi
87ac7504-5952-5a72-b2be-82ccab4e7e3c,asmialoski
4b5d00c6-fe44-5b16-8c43-cd8283eeebbe,rodtraves
cb949be6-6fba-52b2-8495-9efd2aecd8c3,Cormacolinde
7b595807-474b-5366-93dc-454bbe9ca8eb,madhavpatel6
d0b434d1-6432-519b-8f8d-d955d2d28d23,bongiovimatthew-microsoft
d8a97e0e-55a9-5406-98ed-64cceec275be,lsalamon
c315196c-3c9f-511f-9587-537f63df82d2,reneposthumus
628d1555-2dbf-5fa7-9b08-4efcaa375b5f,IADflyer
22dce43d-e138-5a40-83c4-4cbbca26c197,ghost
82aa73c4-2f8f-52af-9215-da0876bf2156,frsandyhalim
89d9e201-07fb-5279-8a12-f970aea79e3b,milesgratz
88ffa2c9-f0a0-5601-81f2-e91a409b4f8c,anorstrom
a5f8e047-7e1c-51ea-b341-192817e720e0,dianepana
13d9ba5d-3f8a-55ad-8b61-42beeccb2e91,Kazzan
4bb7bba4-7e01-5cd7-bcbd-0daae6bca2b9,bongiovimatthew
88c3d1ec-9b41-5332-b49b-a4b229568c4f,scyto
fb5e40d6-25a8-5066-96c1-14ad9d8f46f4,SRE93
cd235a5f-1049-5fdc-8245-cc8d674d648a,brentcarlson
36a9a1a0-2986-53b3-a06d-7423332d4f95,Firewaters
0675476d-d6ca-5643-801c-1b91a816e51e,finleybill
f4a8af5d-0a37-5f77-b6a8-26193e9c2dec,jpawlowski
510e2f7e-6b4e-5cdd-93d7-fce032640bd8,JamesEdmonds89
27850805-7ad6-54b1-a9ad-8bc0a12caf18,NeilSureshPatel
ee8881f8-ed7d-51d1-b5e8-93f71c80ceca,diomed
52ca07bf-f73f-5868-91c8-52004366bf14,abhishekpatil9797
3e41dc38-de61-528f-8158-34e0bb171547,gukoff
81f1934a-f482-5a46-8517-f54114e8e2a3,par4dise
9f5d903e-1d87-591b-9b92-19dd358387b6,troy-petrosys
3bd841fd-edea-5c1d-af45-7ab118345ee7,racchen
5ece339a-4074-598e-afe3-a215de5697d5,aravuri_microsoft
ffdabb0f-64b5-510d-a40a-6a87460740ad,smera
625361e2-7cca-5a71-9cf4-9facad7a4ca0,ronakj
fa7d1956-f038-5853-954b-44d84efca9c0,sverrejoh
61334dd0-5444-5458-bc4d-311a51029ce3,EchelonFour
2b9c0413-bc3a-5bc4-95a8-79bf68a5d211,edumserrano
64962ccc-4dba-5050-b43a-f5604d77017e,njsokol
ba4aec25-270c-5321-ac1a-99b7d410cf2b,jtippet
a17cd458-8361-5fed-a302-e50eeb40ac74,johnnyreilly
a8b7aac1-78cd-5f2d-89e0-88a20fd43439,brwai
be10b308-326e-540a-ace2-a7638cb0ed68,jepio
5a066009-e496-5902-8d48-74dea49734bf,Stuart-Wilcox
e1cd6eb3-5bd8-5538-b1ff-a6a36f261d94,sivakumarmedidi
2794c18c-0df7-5cc4-be0c-ac6072dc97a0,sethreidnz
0fe7a87c-2fce-5d9d-b24b-964fa181365f,Charles-Gagnon
a34adb71-9ece-5840-b390-4892dbfea654,mike172
2b08dfba-ef5d-5160-b596-89a08eaa0439,shimikano
321ff2e0-0628-5755-9507-d1711c696e08,boukasa
01939743-434f-5f03-a12f-d9130ae6b35f,ronrosenfeld
de8854f1-01c7-5d9d-a529-fa1b23d93752,Jabmorges
407126c8-a726-5d6a-aba9-c802a9040385,willhertz
b4b2a86c-ba22-529c-96a3-da9f295cf106,D3vil0p3r
09abb802-299b-5ef8-aaad-66b76ddeddfb,solv22
582dd838-096b-57b4-bc42-9b87764354eb,ovonrein
7d04ae2f-aaf6-5d64-a263-eeca63ea8fb5,santiago-afonso
5b130d1a-756d-5519-9052-c9165b0f7e7b,phish108
060037f9-bbae-5b3d-8c01-fee5481ef476,kaokao221
6aea79c6-76fe-5018-91a2-58bd989f1a67,Mo-Gul
150b9c35-7d33-52e7-9652-3b0eeaa71163,SteveAtActuarRe
e3aa5401-79c1-507d-80e1-48968db265b2,rDiop
bbe4bfc2-e95d-5ded-bdbb-85c8d9d552ac,uahnbu
13bf63b4-010d-577a-923c-cb90510c4bd3,0scarius
b498c9a5-b1fc-54ce-97db-73e61bfe6121,gl-walker
3ab6e4f0-8b0d-57c5-996c-b9750e41a417,Michelle39140
341a18a5-67ec-5d78-accd-597988f9e9eb,se16n
6b078989-52e0-54bb-ad8c-233abe0fbb04,siiilon
42c5caa6-8dfa-5d36-b070-f975d6113212,KDean-Dolphin
3b29ee67-337a-54b5-bcab-f45caf33dc94,derfasthirnlosenick
2f4f50f2-ea45-5f8f-94f2-90cfbddff960,dlealv
3c7e1d32-f096-533b-b665-687466b429a4,awacmaxhill
d52dae13-132c-5268-999c-e80b3034b98b,jordbowie
3941f9b6-fa72-5d30-80cf-84cfb502fd72,duds-sn
0a53a317-99b7-5560-ba6c-0d544668a3a7,jack-williams
0cd98053-9382-5bcf-99d8-6365affc48f2,SergeiStPete
70933c96-75de-54b6-8f22-7d38a6febf9a,NickRedwood
a43b9e09-738a-57c8-8f8c-3391ca8144d7,mitchcapper
0203fe3d-1ff7-589f-ac8a-a2a9cde95aef,dbill74
dc991a87-e635-552d-90fa-96c12b9e7d38,M1GM15
d4a21284-1835-5ae7-b60f-cfb6fa3e81d4,rjdomino
38c4bcb7-6799-509b-a957-b9fee8bf24a5,MrBlack0220
543e3453-ce66-59cd-816b-dedd671ebec7,QQQrookie
402c5bd9-1bd6-55aa-948f-afc2109db41c,signal-coder
b2351a91-f128-5285-8796-5c671acc230a,msmarioo
04a9ea0f-5ecf-589f-baaa-8051b70a00fb,sa1sen
174494ff-7869-5724-81e3-931c4de45d12,flaviendaussy
515d4ea8-747f-5ae6-966c-fb8b735fed46,Ilaiwi
60b94f72-bac1-5d03-a440-f331a199cebd,yang-xiaohei
b435d239-698a-58da-a063-947cc894a6b7,TeaPoly
9af3bfb4-112b-55ff-8b7b-cf3797f9f992,shenbuguanni
9a4eea81-78ca-565f-80e7-476d6aeb2ea6,heathermeeker
096ec9f7-794b-5203-a559-3203c85bd97d,zuowanbushiwo
18769dfc-1792-5b07-8850-81e414678a20,vitalsong
6b356f2c-06a9-5e51-8339-ac763ace519d,mirunadurac
8aeaf77b-4f7d-5257-86ba-f1fbfe828bd2,c8x1
fc77f763-9c3c-560c-9c46-09328daeebb1,Alirezanezamdoost
04b9ef17-7de3-581a-a769-aba6d747600c,ahikaml
cfa2e17c-e07c-5ddf-8750-d34214e24ae8,weedwind
8e4ad3dd-59de-579e-a3d4-fbff65f318fb,hm-li0420
3ac0d13d-07d2-5eab-9fba-f3879bc8c43c,Haibit
197ec63e-e2f4-5678-99a8-09bfe6de44f0,Tim4AI
6a922e3d-3f5d-554c-921c-2d6fe9bea742,YangangCao
d9b648a0-8e65-5eb8-8ea4-1fa2f98bce8c,zcy618
844ca92f-bc99-5736-b550-1b283789d620,henrygagnier
767e7e58-6800-5d7e-952d-a484ed0085ca,dnj55
f3afa1d4-45fa-5453-b343-175f50dbbe4a,simbamangu
453c9b74-ea38-5469-b157-6dc587d676f2,frobin02
9578b4de-da47-5f06-ab3b-c0dcd880b1ad,frafra
62185db6-a9de-541a-9149-25d23d07fd2b,cstldrones
c96b92bd-5c63-5715-adc3-19b17ee9993d,ctorney
29f9c89f-999c-50ca-a175-92bda5f5f992,VLucet
5a5d595b-b86f-5e50-ad0d-bf994bf50c59,MattSkiff
e8617645-70fe-5a1f-930c-0e7d73f921b1,Forchapeatl
531145ed-6b8f-5fe0-a5d5-cb0b2d1e0ce7,jstabach
94946394-d94a-5549-b023-15c5ee452082,valentinitnelav
29388acf-fd36-5603-831c-93aec1657dd6,marireeves
84f70243-6d7d-597e-bb56-da19912daee3,scfulford
ef64f6b3-7aed-5d79-9d3e-f7098bf53a8b,YangZhangMizzou
0e0981f9-201f-5c36-a168-67a95649e08f,stewartmacdonald
c68ea798-8f4f-59e9-a17c-e334325204b4,HPL123
873fffc2-ca7f-573a-85b8-0c20bdca9854,bw4sz
645f1963-7b58-5b5b-9116-120dc77eeb82,GallonDeng
6f1a8f0d-6fc8-56a8-a98d-80f09038cddf,bkellenb
cf50d802-94c2-5f11-8f9a-abcd05467ed0,tomjacobchirayil
efc95786-70e4-508d-b5be-628d9e96067b,NasDBA
237c2ef9-754b-5c14-8234-0f99fb4a162f,NasDB
828c88d6-cdbe-585d-9aa5-d1cd05d80ec8,jp-dba1
2e3c955c-3606-5bb9-a1fe-7afc51fde79c,AndrewGuerinMater
00e7c756-0c39-5966-9df8-da7bc810b6bc,paranoidDBA
49cc3a2c-002b-57fd-a041-1acad9cbdbef,ashrmen
2bfef5a9-06e7-56b3-a87a-252c1d794735,sagarv533
ac49e717-01c0-5902-83b5-1d8c321fe227,JoelCade
309e00c9-c3e2-5840-b7c2-ea62d4ff8b4b,tobiheim
b2d4bd71-2a01-5f64-a8fd-cc7b38fd00e9,gnanids
de62e09b-33b3-5ed8-a845-505e49627fc9,jseguro
83c38013-0e31-5e4c-aa0e-caf459cbae5c,parletech
eb8d0b80-0917-5694-a828-2d696179c128,krishnas999
e013d701-aa9e-5e44-af91-66ac64d2653b,fchopo
473aa707-9eaf-577a-92af-44c9d98c3cd8,spfxeprimaverajr
e68849be-42dc-583e-b655-8256fd8118c0,maxjcb
9cdcabec-df59-588e-abba-e430b3d3abf2,DianaRaileanu
b4a3310f-440b-572c-ab9d-2d0d3426ad0f,hak0892
36d1e489-356f-5362-9bc6-5447c3acb1d4,sielito
0b9c499f-06f6-5f6d-8a69-5a8a3edab8ea,VenkadeshSundaramurthy
5bbf219d-9b62-53c7-b58a-cc9ed5347b2f,s-kagen
4304bc8e-20ed-56ae-b70c-54bdaba6a053,rmejiaz72
7d88698a-ce80-55f1-b625-82f9ea9f6ca1,merritt-ncqa
c71b3ff9-8dbc-5897-9cfa-3a74d8b1a2cc,jingozuo
17168349-a736-57c0-886f-712ea02621bf,smdabdulsamad
286b046f-8c9e-54fb-bee5-3cedbb27f50a,mahakkjain
f48cd220-d363-5104-8565-94dd71ef1e21,MrOnsen
857aa448-21f4-5ced-b00c-5a1a2fd608b0,gotoreports
1b719f17-570a-5aec-9b09-071be0b3f06a,JuFigueiredo
be6b15e8-e6ab-51d0-aa87-7d0bc9ac35ef,itrohankumar
4142998b-c1bf-5a77-ba0e-5b2fcaef8626,Freudelientje
43ae60ab-bc1b-5f13-bc1a-81c62dab0e6d,Sam0885
1ee9818e-8c51-5f25-af73-97082d2521c2,Wariowaqo
8d3ac9b0-3d35-5ec3-8c30-3863a0c71764,Amber2026
d689194a-06ce-54cd-be39-7ebcd006f5d5,a-villarruel
6f8869f3-d055-5cb3-9e07-6ddaeb9bb293,shawndante11
43911283-f222-520d-a566-92ea0b3a58c2,jlopezg191
8c606ccb-95be-5085-b84c-0c81326f5313,Jeanvaes
16917a46-d593-5800-8812-880a8e5f6f74,Jhurley711
bd7ca7ca-fb34-5208-90db-33433dc58e81,mauIntAus
8c85b370-d5a1-53f3-bb30-46c00b78183a,glennkrister
1a343308-3816-5df4-b9bd-7ca90f6546e3,DaveyVanrolleghem
d3488d14-75fd-5304-95bd-f140eb3aca51,itzmeharish
1fdcf993-9b08-5170-bad6-6b7e49273665,BillThielen
2a511df6-4105-51bf-a94b-70186296e43c,kaistenberg
6cb7adea-485f-59f8-a0ea-3b4207ecc2d8,Anplan
c5ac88a2-1116-5014-90b4-76f630be9790,prathapm14
43be2988-6bff-539e-95e4-e473ba9514c6,Shahbaig-6389
cd9212d3-1711-5096-9422-9d41efd1f064,Veenasampath10
9e9dcba1-63a4-5665-8d12-be9489b89172,jsnook131-ctrl
e14e12cd-7a70-554c-b67c-2b1f2cff7379,medkouritahaparis-create
233111ec-50bf-5709-bfd4-1b86d2e5c05e,panju0508
efd298d7-0c62-5db4-a5cd-05a55fcc10b9,parthpadhya157
5e6a9ff6-fe55-544d-80e0-8f6aec582b9f,norburban
aca14adf-5ddf-5786-a318-6f3dbca2d8a3,nmenigonms
4b1c23d3-8f7a-551d-af66-931b2b3e766f,Graeme-donnell
1f504b2b-82da-5f7e-bfa9-979a6889cf2f,nilandevoogdt
34505e11-ebe0-5b4d-b67d-a044dd28ec92,sarannyajayanthi
1ce5efcc-3202-50cc-b649-e1a7e8f253d2,arildaarnes
9d46237d-b8c8-5492-be4a-24a597b8572a,RobertRudd
9d8edb11-280d-5875-b4e9-0df975763fc4,AlmasMahfooz
c110ec4a-cb73-5d12-9337-5e1ec7d7fc67,OmkarV5896
fbeea084-d6ba-59a0-b497-8e168ac5042c,elaynejones
19af8d1f-393f-5bfc-b3c6-97aaa0e252cd,HelmutWimmer
2c0ef5c7-0337-5f90-86c4-383295ddebac,aschauera
4fb975f1-0935-5290-9b1a-f63fc8c3a2ba,ShawnaMikes
7666b21e-a468-518a-ab8e-2d2a27be2411,leespringett-sys
993b0829-fd86-552e-9af0-2726801df345,Divyakundanc
582ba601-b7b7-5dd2-9b04-0529e01a2203,cnayak1-eng
c744c7d2-9173-5c11-9ca7-f9225f3d55b2,aprildunnam
4cfa6c07-4d8d-53b7-8d5a-d5c44abd6a41,RafaelVMoraes
2b7ff23f-8cfd-5644-9acf-12e9ed2f89a5,CanRobotx
5e1403f9-0bed-535b-90b2-caf20f72c037,paolodyflowing
6cf34f47-e08b-55aa-b3f6-4595577b558b,NinjurNagrajBhat
41119305-bd7f-5ebb-9afd-fff3104844e6,realmanoj
d0ab6844-46d7-5495-9b63-f86e71e95ae7,Rafsha010
f1bf1603-9e70-5824-99fc-cfd8d3825d76,FunsterD
38c99ded-5708-53f4-bfd4-94bcd5e8713b,SifriG
982fb34b-b4b5-593b-921a-efb2cbf92407,randalfrye-coder
fbf4bbb6-9225-500b-a163-2442c70927cd,JonGMSFT
621a9c35-821e-56fb-8fbe-b20dcf888fa9,sri333555
76093bd6-99c1-505e-8657-799b44c1646d,ibrahim21k3456
bd625b3b-990f-536e-9c4d-e1f09131df7c,infyakshaypower
ebba9089-9753-559b-8c50-9729bc477bab,bryangorby5
1b93ef45-0753-5796-af5c-af62f2caa8ec,pratiksha7721
2d350a9c-e7b3-5c08-a2de-406122c40d71,Shavonna
358f812e-0d0c-514a-941a-40fca20a19f5,kshyju
7d4447bf-f666-5ea0-ada1-9b10554c4e56,giles17
5dceb95b-b20f-588f-a2d5-6abaa51c5955,TaoChenOSU
16a9df00-3c55-5bee-a2a9-4dccdc725aa5,Danrong430
930202d6-783d-5337-91c4-18d6471727b7,lokitoth
22e9dc8b-a7b2-5c05-9a4c-66462924ecc8,larohra
32c47410-f686-541c-96de-0a0636ff1671,LuisM000
32ef5cf1-a3fa-5e57-a300-ddc3fac2fe6e,peibekwe
05820e36-ebe7-592a-84f0-e3114038891b,0x7c13
11c73ba8-eb9e-594a-94ed-a23519f65dd0,savvaki
f1dd6aa2-c798-5ce1-8142-d0bb8a8ec7c6,mattbrailsford
df82536a-ed92-53cd-a718-1a0a5a5ba210,savvasp-123
aa516f86-8da1-50fa-9af5-d87abe946939,eavanvalkenburg
fb1eaef7-93e0-53fb-b109-7b22d8268183,singankit
bc1f9199-53da-5830-8562-5b1757b7255a,markwallace-microsoft
04bf527f-88d6-5419-88aa-3108cef5e332,ramtinz
6377071f-c695-57bb-a18c-eb4dc27affec,toshihiro-otani
68f37445-0c41-592b-82cd-2244b709c0d8,abbottdev
c3643a99-ffe1-5434-b29a-b4f42afbeb33,westey-m
cfe959da-a3ac-52f4-894e-e7e666683f73,lbbniu
680c27da-3475-54d2-a09f-906fafd7ebeb,TsukasaIshimura
9c5ae278-1503-5460-9cf2-0c390d7204ae,rayder3319
2d664b8a-7248-5604-a9df-b2f1af3a3d78,mdesalvo
86ab7dc3-602f-55df-8072-61d0764cb601,Garyljackson
bc9fca4a-e19f-5e81-933f-54b5fbc4edb4,tommasodotNET
829e589b-6230-5509-9ebd-c63fc661fa12,Abdul-Microsoft
8a32440b-2982-5880-9b0b-49cbf51c4b36,arunskrishnan99-ops
32cc346c-2644-5d2c-9f29-82e18e0ec58f,TimLovellSmith
64742839-dc90-5c44-8896-462296c1bd0b,suneetnangia
8b8db315-e514-5420-af76-512e52f6e01f,nizarsalhaji94
27b06cf9-71d6-5213-b60c-045cb68e3da3,callendorph
5da8a407-367f-5073-b00a-2eb8035a9ba3,alliscode
791e55b7-8bfc-5abd-ba91-e223b3d86dbd,hombin
6088b251-589d-5db0-9cb6-b5cac36078fd,Jagadeesh287
cf4e6b78-802a-59d9-8e4b-140fcf66adea,SergeyMenshykh
9ae81140-0b73-5cc2-96cf-3ea8415bdb1a,leelakarthik
fbac0811-c1e9-54ae-8836-740b05e0e54e,dmytrostruk
597dc62b-6632-5a41-9404-d69c45181e9a,droideronline
4ac4b7f3-a813-55f0-a89d-15701b2c5699,MaciejWarchalowski
44ef0b89-a58c-54a3-9278-eee0146b958f,chrisdaiii
12d33561-a3b1-56b2-9f2f-cda06e8d2755,tiankong-hut
235721a7-fddd-5b8e-8576-f944b596d5d2,moonbox3
547cc67b-9316-51ca-8458-04746bcd41aa,corradopignato
4b904d4c-16a6-5687-b4a5-0fbf316ef162,fthbrmnby
a3aa56b7-0e52-53c0-b7b6-abc0864e5b7a,johanste
cf3a49a0-9840-5c1b-a052-3845c38add25,timhaintz
f4bdb504-0266-5068-b240-ca8bf6754b59,anktsrkr
ffebb944-89cd-5491-be46-fd4ce6076f96,twolven
91990b34-86ce-5de6-8bc0-a3bac7ca43c9,firrasaltaher
3f510fa2-3eba-5002-b4dc-70eaeac573cf,cecheta
f3d0458d-3ba3-5521-b563-cb6e734515f3,shibayan
22ab3314-0412-54f1-97e6-f2ea033b2fbe,damienaicheh
070682d3-c62d-53fa-8585-791f2838d8c8,lisngt
c98bf690-9391-5591-a097-8816a04eb2b3,joslat
3d1e2798-803c-5748-b14e-f1dfcf185724,Sherlocco
8ec629ed-65d8-555c-804d-9166d6b1ef30,rayrayraykk
34aa3522-9e2e-5bf3-9088-1612e93f977e,frdeange
0754338e-f540-543a-8830-7627484644c1,eddieahn
9d2eb150-9d59-54dd-b5d8-a0db4db282cc,rogerbarreto
36b480fd-0b05-5ef5-a7d4-92d9c31ba253,jasmin-software
38fa5e09-819d-5419-b7a4-e2c6f7690c59,george-zhurakhivskyi8angelogordon
fd6f356f-21f2-5c00-adca-d9591e547e82,petetakacs
cac69dbd-f771-50c0-be8f-9abe415f6939,yegor-klymenchuk
17ee5334-c441-571c-9222-610a26ce41db,Menghua1
4fd6860b-86b4-5a76-bafc-d394b4a1fee2,legendgokul
7f961afa-abb9-57c0-8111-0d49639d0a4e,jsturtevant
6b1e3c3e-36da-5124-8dfd-5851435579e2,lordlinus
76f01adc-6f83-5d65-a543-7ac6e2eeaa14,TheEagleByte
51f9d004-3d7c-5dc4-8357-6d400e0a1ce8,frank-msft
4524a2e2-7779-50a5-a862-7d895f0fe7ee,rads-1996
f6e986fd-c8b6-5c1f-bd70-079fa61d050c,m-gheini
ff4c5986-74bf-5755-9358-8b40068cdc68,lukemurraynz
2837b25c-0455-52a4-9f4a-2f1157dbf54c,TaherehFarrokhiWTW
fe43766c-a4dd-52bf-b140-e395300656a5,amit12cool
d3df48c5-53ba-5ead-802c-5db2320005a4,codehunter13
653b8bd7-7951-5932-8432-51a9c9a83fcb,tonybaloney
30dac2f4-c4b1-5722-91b8-58b8561e491c,stekiri
a8b5fb31-e150-5d7a-a717-f8648a6f75f0,vladbuinceanu
afd3b610-6cd0-5c5b-bfaa-239558b83384,MatthiasVanLanduyt
ac51c57a-4ecb-59f5-af61-75c289fac103,udbj
094cd5b9-1d84-57c7-9831-56ec7ca39077,ShivamGoyal03
3a6e2046-0da6-516a-9824-35e228700f86,skylarbpayne
07374a64-d1ae-54c9-86dc-b1c81c573603,szhaomsft
40d03eed-146d-569a-a0c2-ce5d8103bcd8,hoangtnm
c05e9a53-08c8-5a6f-97e0-d5e36d2744c3,kinben
294fb2b4-898d-5a9e-800a-1f55b0d05759,Lanayx
408217c6-1732-5dcb-91b0-ea852567020b,Vijay-Nirmal
7efe81bc-3a8c-5ab2-b69e-452ec6b65abd,svehera
4d1f4af8-a582-5f3b-8c4b-85dffa4a0dce,bingbing-gui
37354c53-3c60-51c0-a54f-80e5563f009b,MarkCiliaVincenti
50081270-216f-55fe-8f56-211df0bde3fb,shawl336
ddf9fdea-6ef2-55ab-bfe6-d597c5962efb,sreeevidyaps
a01faad3-4d90-5e98-acda-5585377597e7,malv007
e498d489-694b-597e-bc48-5025e42cb101,TheShoes
0bafcca7-6c78-548d-86c5-5cc103f27330,antero-lukkonen
e5047f63-c11a-54be-be78-9bc59cfe12b8,Muhammad-saad-2000
bdb3f05c-c29a-5fb7-9b25-0fbf0a089f74,LazaUK
7ff9a752-a638-5f36-aa61-bc9b1a044554,crickman
b97b6aa0-9267-5555-b99a-ab095ae4937c,debarghyaroy012
07d76746-b0db-5066-90d2-f6b313eb5c0b,chengyuliu-msft
0fea808a-0519-5f02-85fb-2c0c050fae29,azarboon
fa651137-8a0b-5960-a8b1-52e015fa1dbb,Dazfl
5973971f-408e-5270-a503-30619c2f5c5f,gongxic
3ae9f71a-e282-5d6c-9ddb-b5a13b7cd089,svnscha
e821046e-643a-59c8-a415-5e37d9f5702d,ayhamakeed2000
7b0198e6-6f2a-5f97-abac-10d1e8d03d89,ahmedmuhsin
5b4a4bf5-e1b4-50c2-8fcc-353a4c852cf5,Andrew-MS
b70a88ba-61ec-5d41-8d24-4d2bf16d5dcb,didacticcouscous
d69fe5f3-491a-5926-8ada-4485e1e86838,djw-bsn
a536830b-8977-5211-a983-a8b1d96748ab,jessekroeske
0df59c9d-057c-5b19-8653-46bc533924e2,dragospadurariu
40bbc806-4d97-57fe-a1c6-703b08393ee2,MaciejSzczepanskiRedslim
63509f07-3a4a-5e30-895b-d254c9179a1a,itsdruvaraj
97c6e163-9d0a-5897-9090-7375f0ae58a8,said-rasidin
01fbe5e4-0b4e-5fba-b0e2-b67464a7712a,sebafo
c84594de-796d-5bf9-9a48-4c0e5085e8d9,rafaelolsr
ee7054bb-c451-5060-9681-ce6dc80a0b00,gewarren
d2f54f4c-86ef-50d8-a976-91dac3ac0810,iljoong
6a9ba62d-c4b3-5840-b618-d71b78ec04a7,qmuntal
c1e3cf10-e5de-5043-9c5f-cf5a7e6bcd30,marcominerva
12a47017-efbd-5c81-bb81-b9b7906739f8,cride9
19d26379-d685-52b3-8a43-17ae3a96a92e,rwjdk
71172633-1b1c-5ae8-81dc-55997fdccb75,siddhibale27
b1ac7626-a524-5e02-b5ed-00d69a0c765d,verdie-g
1c74a0ee-f21f-5991-aaba-c1dca876f4f1,furoTmark
1ee60a7e-096c-5c7d-b7e8-2e2b8a22c9d5,Jeyaramjj
4386c397-1d77-5150-82ab-6203a99b0dea,ysya
7a0f1d83-54fe-5da3-b73f-07137b1142dc,victordibia
5356614e-b4ce-597f-844e-e21ccb14953b,doomclouds
a39afb61-d938-5e78-b176-f135dd21ab47,clint-morgan
3b197c72-768e-5912-a7d2-ce8e210ab836,moelk-atea
61dea335-938b-563f-9a80-ab7fd09536b4,Marc-Gyver
8c5b7286-be91-5abe-b023-859f11e08d46,jcageman
47e7b373-f04d-5eec-9d98-27bf05e01151,emilmuller
c7c3a446-89bb-5898-accc-06ad4c73c7fb,rezaghadimim
074437c4-0bfe-5ad3-9b49-7cd75dc249c6,shaofing
5096d03e-6902-5c7f-8f9e-a3ec4484e509,lavaman131
9147e958-ab6a-5d2b-a686-85081c41254f,JensDeClercq1
1844ea77-64b2-51ae-8027-d46982987b9b,MAQ678
d28bd4c5-c1f8-53f9-a1de-a79a13b855e8,bdelayen
88140d1e-fe8d-56af-a615-d0aca61def4b,agentifyanchor
e7d0aff2-9176-5e1b-9ce3-83027d779db4,iamseungpil
aa193de1-afcb-55bf-8050-a5207257850a,salmanmkc
206f5f27-cd10-58c7-9b8c-606b9597e475,dalek-who
a2adbef6-60a8-5836-a7f5-ad0551c9202c,AdithyaKotian
02afe45c-a654-588a-9d74-3f4ecf56423a,zzjweb
1d3af783-6ec2-5b72-8727-efa60a10e593,totoluo
d4c07afb-7afc-57e9-943f-3d8ebfb4d2b1,DunuraWitharama
0a68d54a-2a12-5436-9706-9b90aee34084,kyk666123
a94d8f29-2b84-5041-83fa-c12066e8571b,ZaymeShaw
6b2a7331-9b32-5f65-b9aa-50b9f2f29dd9,johnson7788
e3b59a30-d8d6-5b6a-a187-99a2501079f7,syeehyn
2ad72990-c3de-5fe7-b729-d925766bc781,ultmaster
453ff684-849d-5930-b164-1d140fb66f68,Ripnrip
f2553088-1290-54f2-a7b0-22dfd028a4a2,zyy07
4d80f5c8-c62e-56e4-9009-a9d87d5875d9,Fulin-Gao
4da59eea-fecf-5e95-be59-2b517d117b2b,WGowi
f91432cf-bbdf-5721-919b-e1cae6953fcc,lspinheiro
d321928c-e21a-5928-b5fa-d5fd85b71b20,li2zhi
552feb54-ba22-56cd-8e8c-a7651d608571,Elfsong
337ef689-d43a-578e-9c5c-89f09a0ceeb5,hzy46
ced9d98a-8079-5ae6-9b1d-05b9046bca4f,guming3d
250f9753-ab8c-5671-aa4c-f5dcf67332ab,1venki
d014a4b4-e33a-5802-9cc7-9df14b071ec8,doraemonlove
eee46717-32f5-5e3e-9284-c66a5bbde264,chickenlj
bcbea63b-d0dc-529b-b30c-e77611b7201a,Vasuk12
b3c10c2e-cff0-5632-8e5d-c8c5022d1cee,adv-11
3dffd779-8ca0-547c-83ee-30151e018def,onebula
1013363a-b793-5fef-9976-1ab0c50967ad,chenhr18thu
fe6f40ea-a2b1-53ec-a486-eb3563154b3c,hkvision
a49eb03f-e470-540d-8da7-0d5ab161ffd5,ChenYX24
7f1bcf4e-005c-5982-846d-0534d711f2d6,zxgx
4c02b23a-1225-5a59-a76b-8cd8f321a7d8,beanie00
e2787fe9-1b28-54ba-8b30-ab5553796f4e,flyflypeng
bdc91b94-9f0c-5b76-9420-5bc0fb93218f,DearAJ
eb9442e8-1eef-5e0f-a25e-a8bcdf37abee,rutvik-jaiswal-deeplearning
da6abd70-8cad-54a3-8f45-939b0f5967c3,ccp123456789
7acc7527-cc9b-586b-8890-924a7bc94cda,reallm
5c4129a7-8ada-5774-85ec-ef485e52d350,orbisai0security
5bcdc50a-238d-5d73-a368-5d9758d42d8c,Borda
f6141154-2eb6-5333-85fa-9dad622684d1,nariaki3551
3f9709ca-5341-5b46-a5a9-081d860ee495,lib4x
80d72f24-a565-58be-987d-76c87d30a49e,KellySit
a11a436e-e82c-512d-a214-e590c1f7161a,xavier-owkin
1faad283-a642-5e64-b187-00447960674b,linzi687
f0f78a82-650f-5edb-9aaf-6a88351bf790,cicijohn1983
ab516222-cfa5-57eb-9196-a94a106487a6,Kenwwww
54d247e2-4228-5332-8ee6-cc6edb1be410,mydmdm
f85f78e2-3c76-553f-b2c8-9b9e053887c2,Lincyaw
313c88b0-f796-5f86-9b15-9925c6f227f6,hemangjoshi37a
6714643e-b496-5308-9710-322c22ece7f0,jordanparker6
36d8fd34-2c52-5af3-80b2-72c17f622aad,lunaqiu
b224985c-e834-5ed6-aaa6-968b8f69d5ca,hzy312
bbddc73d-15d6-526c-821d-7cd6d1629f66,XianglongTan
f9205338-2fe4-59d0-b56e-157b2dfe7a7b,shanto12
09d6dd26-0cdf-5fe9-9ec5-eee98725423d,felipeeeantunes
23575959-afa5-55ad-b681-e187c59aaa72,af-74413592
b9e0099f-5734-5f70-ba4a-21bdda08c9b9,LY-today
bf1c65fa-2855-5502-81ff-440d3b4837d2,boardman0
6481c29f-6d04-5de4-8da1-f4daa6c249b2,64327069
69adedbc-1e0f-58e5-9710-4445098699bc,wendongbi
e947251b-6bca-5f12-b93b-ffa1067aaded,Osilly
1ea9c99a-2eb1-5d8f-b123-54c06940910b,GitMonkey0
d2605029-1e72-5b05-9e3b-946c19390b0b,jiaxi-xu-fsx
48bab715-e89f-5095-94b6-72185037d8ca,USTCKevinF
6b277790-d247-595b-ae7e-c9f9e8da2316,chenran0522
530d1e92-7875-5bb0-939e-5d834c35dc78,MYXjason
617654e2-9aa3-57bd-aac0-e8bf36a9ebfb,EngineerChao
2e66a203-009c-576c-972c-1d50948f3971,happened
f8ca4f94-590d-518f-b604-e2d8343cbecb,YYYYimo
cd6a8e47-d195-580e-ac21-82e6e435ee95,450586509
10cbbce0-99bd-59f6-8f3c-6ddb4774a5be,IsaacGHX
ee2f3ab2-3b9f-5a6f-9013-e7f36b3c4a73,JiahangXu
e5ec937d-371e-557f-a56f-ab3a04326849,Kwen-Chen
ef895cef-91b3-5008-a487-c686878b0000,ivanja81
d63f5cc4-260e-507b-9694-ebebcfae242d,joratz
cbad855c-0423-5e82-887c-0806ce6bb35b,aubreyquinn
0cd65ea7-6d93-5224-bd63-f2219307b6f4,pratapladhani
6102c0c4-d3f8-5545-b762-743edcd48969,breg-dev
e986c277-4037-543d-bc1c-3dd00a46a5cb,tmlsousa
b1f94140-ceda-5165-9a74-b50fc3c700f4,mengyimicro
007ae8f0-f3a2-5653-aa10-6de8e9e7fc8d,sellakumaran
7bb42e62-15ed-5790-8fc5-b902be0b9078,nikhilNava
f2ecff13-f1fa-5011-a7f3-08c8cefe1e93,Josina20
b75844d5-13cc-535c-8d9d-2c9df1c31e04,cbelwal
e9ab3afb-c5f8-55f2-8fd2-eb31a2322124,MattB-msft
5fec0dba-ad40-5957-bfe6-b802bed8ea44,hemantkathuria
0f91d47a-624c-58d2-8196-ce750a34094c,adner
7c06d502-746a-59f8-9aac-cd1a587292ec,rahuldevikar761
581b3831-57d0-5a50-9c08-3e82167f25c1,threddy
5e2d02a3-9a2a-56a2-92a3-5aa6c6f5e5d1,mrunalhirve128
97f3b9a5-4c8c-58f4-8bc3-f650ddbda41a,MCKRUZ
d61e0d40-a3c8-5525-aacf-70e5bd7467ca,sergioescalera
2fafb317-4d3d-5b44-96f7-00661fd11bdb,pontemonti
54557f8d-1c69-53fe-9a62-150ad98a85c6,fpfp100
77ace94e-5632-5367-ad80-644bf1c13e54,JesuTerraz
dafa6c0a-1a78-5c2d-8bf7-09fa4e789abc,jiajiel1
f7aeaf56-e204-50a4-9c2e-5fc5437f2e29,shinsi-fathima-rahman
82be0d25-8d91-5896-a69f-bd71169f9b5c,abdulanu0
1f489ce3-5392-5530-a61f-baf74ebd27ce,juliomenendez
96762e18-20f6-5992-96df-5becc05d17ec,Git-Hub-Chris
5e490df7-7825-5457-92a5-f2e29468696b,JimDaly
c1e5c3cb-46d6-5005-8ac9-5161bf6ac8bc,JonCGit
16475296-f0bb-5f10-b978-523dd40a0ded,tirthdoshi009
73926790-01fe-5699-9453-a26a0900a5c0,lsl-2020
70aaf6ef-ae76-569c-b981-8c4c9c0e1aed,donnie-kerr
0624c250-faab-5956-b5d4-47a5c8ba76e3,graemefoster
1a7e61c1-42ce-51d2-9561-240488fb4774,Mahesh-MSFT
1038ca5d-6e25-5adf-bc96-f612a36c17fc,rbrighenti
bdef3050-827f-593b-990a-8c26f8ec9a5c,madsbolaris
04460982-e07c-55ad-b9a7-50ba8c3b7eb7,lohithgn
b0b6367e-6213-5d5e-8117-8781080fea69,Prajwal-Microsoft
ec76ff00-83a9-5a9d-bfc9-7285216841a0,AjitPadhi-Microsoft
5da5152c-9e84-535b-9f22-2d695e50e938,peterdrougge
01e2058a-6a05-5c5b-b438-f5a0070215bd,ekzhu
eae762ea-3f58-55c6-ac03-fb51b80e9b59,sveluvil
d0be7354-047d-5cdb-a070-d62b05729a78,gurubhg
2c4e0f46-6de2-5723-a0e0-e80321379e74,GauravES
179e1898-d878-5265-8a84-71b3d0da1f43,Harikrishnan-MSFT
5505d4d4-edc1-54dc-950e-37f82e867bc7,cwilliamson22
c5e61415-8e2f-5e44-9c85-7f3bc0847024,venkatesh-sriramdas-ms
699c1779-4a59-58a7-9b5e-ca9e297a0bde,tracyboehrer
910e4a4a-f1b3-5b93-a152-8778c16b1397,varuntayur
d392137f-06d2-526b-a188-7e695f41850a,rodrigobr-msft
8fed79f7-75c7-55f6-849a-cb5ec77bbe83,EulerMacaroni
24b78049-6cb1-5a9d-90a3-70f2d4baba11,PjPraveenkumar
2862bf50-d864-5b33-aa74-aaff41fd0daf,cwegener
5d95e3d5-e1db-5bfe-99f0-f4dae7e32896,rajashekarNampelli
7b350c23-5ba3-5c1b-9cc9-ce9168c02c7e,mndxt007
ff882d31-43b8-5a70-b670-27a8e5862440,Cobra86
49663dc4-95bb-5513-935c-c7a601dbd1ec,melionel
ec8ade72-f99d-53bc-a131-80bdcb8949f7,GKatayama
19e8afde-d50d-520e-bea8-fe92ba526037,boraunlu
6936c48b-85f2-5e52-a32f-7cfd60bec0e1,sudivate
98a40a30-5f4c-5be3-bd5e-286fb279390e,Dharmesh78
fba846d0-4c3a-563c-bc0f-ab01e0cb643a,ceciliaavila
cadb2ff5-0f05-5557-8369-ab2bd844637f,stevkan
9d9fda04-ec96-520b-a7c9-fb9fd7e068f8,shaminookapoor
fed9e30b-b794-5b0c-a821-e34d396bbbc3,suavefr
4581de44-9c98-5623-a49b-1abc3ae709ac,sarahcritchley
c47d1a35-9b32-5a32-96e3-48dcef3cd399,jordanbean-msft
c20ebe4e-cccd-563d-92a7-8f6b65c9ce0d,ShawnDelaineBellazanJr
5d9a4af6-7eac-59c3-9780-20834f94c697,arocc
731be99a-9bac-526b-8bf2-e6eb50a93e0f,Wharpheus
b37b6434-80f9-5340-a9ab-5b23bcc202db,vrajroutu
43bd32da-17e5-520b-a1b6-f5502ccf9b2e,hassant
e93c79fb-b1fb-5327-8685-b7b4213013ff,truemint
39dbee34-ef16-59a1-b2c2-c1b44bc0e0e6,benbrown
0bdda4dc-334c-5d71-8a96-a0bed2e321f6,sw-joelmut
f3022bf1-d82e-580b-a101-2f46da0d9e85,seulki-kt
20ba83f4-ddd8-5f97-b4bb-abb7aef0c3e4,guy-microsoft
3ee888c7-ab0b-56e0-85b3-185240aa81e2,02hao09
3c6ea7f9-469a-5b51-acb2-fd5ef773569d,Mohammed-MSFT
59b0ece6-4175-54d2-a937-315f36c4f7aa,stefanmiladinov
5db90f6c-7e84-5432-8102-5053725ff40d,zion-off
59e66f1b-81da-5622-8906-bb5634b63a5e,deepakc97
b6eb537a-3475-5794-ab25-47780b2e98af,seba-letelier
fffe0737-766e-55fc-89ce-380dc2c91c2e,Sinan593
a2fa4dd6-90e2-5a95-8cab-216013c36951,xzf0587
686b2b5a-8de1-539d-8973-96968082bfab,JhontSouth
0865e94c-595e-59f2-a08d-35232e0e4900,alejandrocolman
ddeb9ed2-f8ee-5907-a124-4d107a086e84,cleemullins
0994fb6b-362e-5fc9-aafe-9c37ebd06ef4,acsoylemezoglu
e5ece9bc-f32c-5fff-91b7-a32cf67829a8,Santhosh0505
6c5ad0b2-ae7d-514c-b70c-446724f2da7a,clintwar
3b037eea-08b0-55de-94be-60b112eb0a17,gonpress
a9065b03-0322-56ee-84f3-018b1c119c9c,VallaeysNathan
6c7c2d22-9615-5833-bd32-a378a4757a4c,sandeepkumard2322
17092328-ea3c-56be-8d00-a5367c2aabe6,garrytrinder
c35aefdf-461a-571c-abe4-ac7fd4b4e5ba,IamAkshay14
c57ae7b7-35e6-5360-8aa3-72f1f08bad76,mbatista
1cecc040-b8d3-5268-ae9a-dbe942685e23,alivascu
9defd87e-fb15-59a9-bfa3-d1dd4e5292d4,architectsapience
5f3faf8c-f682-53a9-9895-26870cd966e6,MarcelMichau
f5337fb4-7291-531a-af40-8626e3c38b16,svandenhoven
77b6f945-7a5f-5681-9d79-577f84b86ccd,jamesemann
680783c3-9b8c-5a50-8e2e-4a3afa47d64b,axelsrz
304dee58-496c-5b91-aca6-7be2e4ca01d4,ericsche
e853280d-afa9-5b12-8f2d-8956a042ed8b,marvinbuss
d2af6293-f217-513f-801b-092f9f1ed469,ChetanSharma-msft
9205a966-89bb-50e1-8c2e-d1cb07466d53,Harish-ilink
ceb94f55-d453-5e4c-9402-4dbaa8071b94,hstahl
ada0881c-4381-5b84-8bd8-72b4786a8173,Kacperek0
50a142b5-43af-5e47-a801-dd06646c117f,Anilalkg
e86bfbfa-ed99-5178-bee7-a5dd063e269a,smita-MSFT
a4229d32-5615-5e19-952a-23d8dbc69e3d,kokuljose
0a8ddddd-a687-539b-aec9-4a8dde262be1,matthiasblondeel
28ec6815-c959-5002-b53b-20fa70412b9a,Kosubotto
d84fb8e0-1965-5fe3-930b-14bc4f69b1ab,kyle-ames-dev
f6e36439-6240-596e-ad57-babb9c230b45,aymenfurter
086c08d1-7f26-5190-8d08-aa023d0e3099,release-please-token-provider[bot]
ac8978a6-6cca-5f78-b095-163f04b93678,TarunReddy-msft
68406f38-bdea-5748-a2ec-7ec0be4287b3,MIchaelMainer
2c34fedc-f09e-56f2-8154-bc6d36946e61,kerbybarrett
dfb7d2cc-b149-51e1-aea3-a9c448204249,aparna-v
789d56ae-b47b-5af3-8f5d-fc73d35195fb,shubhanshushekhar
a4c32d02-0a84-5c78-a101-f09ba97e848b,JonEricEubanks
6f6fcf48-8e89-53b2-9c6b-46a7fc9c378a,carlotta94c
ceb30d11-b074-5915-9c8e-60ab0fc7ef8d,Techasit232000
3c4d3909-03b1-5ef7-b97b-ba61d8ea9732,tanvankim969-coder
5c4791f7-3083-5093-8c9d-e983a55320d9,richardogundele
f335401c-cb9b-5907-a86b-a5f01eb57bed,biancakarat-commits
0b9589a2-9db3-529a-abad-7f540dbe69aa,elevatmarketing-ux
2882ec4b-1666-504a-9464-9a1753503423,PriyaDanu28
5fdf5afb-2239-5cf3-a31e-66cc2ebee413,aryanpatel2121
ed2925c4-164c-576a-a28c-5040ed47a785,shreenithinallamuthu-1
d213aeaf-834a-5375-9d93-bd45ff1bfa68,ridhosolihin18-star
8a33e307-30ad-5e07-8176-5aa8c73d3079,macNepal
d9b5061a-e9b4-5029-b2d9-2533992fdb41,vinkkees
7761d7c6-4e79-5bf4-b904-d0b5e681f94b,Taliban8999999
ce97a564-57a9-5957-94d8-7c017cfe1e70,testaustanyt
7eaed82a-20ba-5a69-b4d3-75937f632fff,Soha608
c01012ce-2f7a-550c-bfcf-a248dcdc4552,smousseaux22053-coder
047fde87-969d-5b52-aafe-36e25f0fc965,ThugMan001
43cc7ecb-b4bb-51d2-855f-3fd640682a36,jymrfk
462e7a8e-ebd9-5b3a-a11f-e3f4af64bdd8,LearnerFahamid
3ce8bd38-b531-5940-b8b6-4f524f9155f4,Piyush8740
104f26a7-20b2-5965-8939-1cf4f833c6c4,benwaugh70-byte
c693f375-1843-5360-9560-6b89c8c27205,ns092534-star
5affb830-8b9a-5168-81e4-fd155796dd16,Soulofghost
bcbb13d8-425a-50ab-ab0b-097b6439fc0a,swastik-21
59933b5f-74ae-5dcc-9dd4-07acdc08a1e5,deepika-28600
3a38681b-fc07-5ab2-8508-34322bc205e4,maulid518
55549b1b-243a-5275-9bb2-455e6ce76b02,Abdel-1975
e6adb64f-0cce-5fe0-8628-bb5a2bae3922,fdwes
39f5ad74-1de1-576d-bddd-108f6b9624b0,sos-Top
8b759880-d476-5f1f-93c0-7c4117c1b8b1,Zied031
8b103857-ba8b-5518-9787-97643eccdecc,Daklogan
dbef969e-4524-5556-8b69-5317304f2654,norbertcygiert
fd13ffb8-c917-5b71-b328-3ed8188af0d6,dciborow
a2a4240d-42eb-5369-9997-a25d4c53cf71,lobsangshakya
07db9c0f-f64d-5a3f-aa90-ad2365e20dfc,JoshDB96
a2cd5749-2ee7-5ad3-a86b-4bb97ae87a8e,ASXKTECH
81c3d073-aa20-5961-89ca-44aaa02928dd,aiqubits
d22c5474-0cd2-5f27-ad72-4737a265f3f9,gilc-pixel
7e13ac66-8aff-58ac-ae23-61718f7c0e4f,customerservices7777
6dcba9a2-d2b8-5157-bc04-9d377176ad2a,Anurag12-C
95ec7f7d-9c81-54f0-be0e-e85b91d4f99d,myokyaw234
fcb2040b-8622-5f20-81fb-5b9c7f69cd47,Abasser
9a6fdbc3-f737-582d-a38c-10dc0d2143c0,BrightMontain
33d8d45c-0258-5865-98c2-86a25957d03c,mj06092000
5835b947-5526-50dd-9663-a564fecff2e4,anton-roos
398b15cf-19e3-5f72-a864-bd4408334011,parttwelve
290df746-7fed-5374-90b5-a70c177aae31,AndreMiranda-dev
c92bfff6-3e3a-5dbe-a71f-e2a1df1cc020,RahulVadisetty91
28952ab0-1f3c-5101-964b-ce1ee230198e,yosou2782
9d207a6e-930b-504e-b219-bcba6c770334,Abdullokh-Abdurakhimov
6c861a3c-7ac9-5b0b-8200-c6182615db67,xuechaos
bd7ecd50-6bd8-5045-8502-ffe67d60128a,Abdikadirmoha
7a807ada-9fd2-500f-94b3-957b6d1c74b3,Mouna-vj
403d29c2-2783-5d7d-8a90-c0af5b46cc45,Supratik88
535ddbaa-98ba-5366-8052-f5e89d240367,a1b3jiadaihdadaa
dcda576d-a1cf-5c8f-99c6-88018557ca39,amrarafa11
f10fd5ff-bc87-57f5-b49e-e22170817580,GK-BYTE-HUB
f12ca9e0-15f0-5c0a-99a7-392bef6694a1,somethingcool937
5fec67bd-9669-55fc-b65f-95e0bea03f68,Justin5363
94522814-5d45-572b-825b-fa112e2c499c,Delightai6881
68974e17-0a78-5f3d-8b5f-c1a4cc2302da,SixGun65
fb7ae304-2b2a-59d6-aa7c-bed16d4e5e19,bolder123
19477f7e-e5b1-5cb7-a5c4-2505491b557b,Dopeysonlydiana
bb03150f-3d07-54c6-ae50-cd3a45841049,Agnik7
d290865d-3fd8-5b31-aaf4-c18d76081680,kakayaca
4d122986-c563-55f2-be83-41e365c7717b,Shokirof
fc007243-b5d9-5532-ba33-7ea1647a0b4e,Bretana22
e402706b-4e07-5c82-b0cf-b8ef3d92f2c8,Meena-srinivas
53e1ba3a-4446-53d0-8ec7-e264a025c1ea,Pluhg147
1538a4fc-ffa8-5ad4-9366-7bef26b525f2,andrasg
109d35c7-56e5-5c78-a725-9c0e28facbaa,Arpit1807
0ae28630-f6ef-56e7-8818-9bb81fc8dc7f,geovanams
3ea42296-72ec-5901-99b4-6993b7570f33,davihern
65775baa-4e8d-5b7f-b5e7-128dc3fb0b5d,Harsha-Ravuri
47791eba-3e5e-5b6d-bbf8-d60ac8ece5be,risinh
77caa05b-8a97-5dd8-8df0-23f250fa64fb,aprilk-ms
3373c808-ff4b-5b96-a667-c71c83259b80,rlondner
36c94a3a-f45a-520e-800b-4c68a3f9db4b,dzianismr
b72ef7f1-509f-54d4-afab-4dea5671894c,user43210
da9238dd-d523-5cfd-a442-c4e14990e097,18964154265
fe649a0e-d96c-5f61-ba95-558a9317a4c9,vbeer008
18b86b91-0df3-51a3-a6cb-1b3e2c415f16,saisiva249
ffde3c4f-9838-50ed-8709-62bb9c1fe992,ChimeraFlutter
a081312e-3992-5dbe-9a76-c32938fa46a1,SaqibS
0f3be02d-ac3e-56bf-8c87-84a07d9a5fcf,aarongustafson
19b6e2e3-0595-53c6-865d-202bdca42e2b,minarainbow
390f6268-ba60-54e9-bba3-43287069f6a0,sinedied
3781d8a9-8959-576c-a91d-132ee1ed96b0,brandonh-msft
20aae232-a362-5ba5-ac74-bc2b940f1736,rohit-ganguly
6e2f8e02-2cfa-5891-bfe6-3f4b3a31444c,pamelafox
29ee4a7f-3bca-5744-96fa-a531a76ea40e,Mbeck89
e01dff34-6d44-5bf0-8e40-c2a0d218ff6c,pperliti
2e0caa91-575b-52d9-a2cb-ec5184d5f87c,KSemenenko
cc7edb00-8af5-5d45-9d7c-67cb35827d7c,nmetulev
e7b1f579-14da-5114-9ccb-688663670861,weiyuanyue
4320fd56-57f8-5571-917c-416a6ebffb89,wang563681252
45f567df-fd6c-5273-a5c1-9f99faf4094f,hupo376787
4545219d-1954-5453-83ab-f296724d9a67,rs38
d6ff56f8-464a-5d05-b1af-ea91d70154f1,Giribot
3cca0f8e-3128-5460-a782-1a18430c5ea6,hawkerm
6916adf2-effa-54eb-b092-50957216bc8a,HotCakeX
054a81a7-9c8f-5560-801c-80cc2d9f6ca6,MidLinn
b8a7a53c-e2a8-5df3-95d5-797951bb9f58,fitdev
06051f55-2fbe-54d7-a079-4afb64eac1ba,nnbw-liu
e75a4b2c-369d-59fb-ba13-f9619347cd93,SJ262
b8d8a627-91d1-5336-ad7e-fd57c1437e27,nRoger-Env
f3d11301-eedc-5fb7-a67a-33c20937d9c4,mfjiang
84dc193c-2303-5880-876b-119e979c8b9b,rafCodes
08480fc2-3742-5f7e-9301-6e361a5a733a,zateutsch
8a4ed85e-2eea-5014-81b8-6e80ea4b0a99,Jaylyn-Barbee
0d876c57-f8c3-5e08-bc89-62a0cdbab18d,beth-panx
f338ba80-1b1f-5442-b64b-c9f9b5874fa0,azchohfi
6273f900-43ca-5789-88b5-781d868cab84,gregwoo-microsoft
232c9718-9098-59ec-85ac-6c802b781bd8,hansmbakker
f979c7d1-9e19-59fa-86c7-cebc8a8649dd,pealmasa
df7b8e3f-60fd-544f-a992-5885efb17e1c,gyagp
7094e510-a1a4-5ed0-81ca-0849cb85eb00,luisquintanilla
fe45c740-20b8-5fa3-9dba-43314c87200a,dav3shanahan
2bef8678-a0b9-5503-ba23-94f6458eea27,mohammedaslampasha79-maker
059939f1-d8da-5098-9d96-1aa6af66dee1,ahmedbham
0f23940b-bd2d-5ded-866a-2d64c399a106,Sandido
ee339358-8114-54c5-a2a3-0ad4a8b40d20,hyoshioka0128
d9d30d11-9ebf-5c19-8ef9-177b9177c659,gsgxnet
d4adbd06-98a5-51ef-9ae3-84be8e14360f,AnOffe
d0024c6b-9ad5-5646-906a-a52208dc8989,TheisEizo
616743c5-4dbc-51f9-be09-356caf1ad815,jmservera
ec5c67c7-eeea-5f85-917e-d7ec8e9054da,github-actions[bot]
3b5fafde-d3a1-591e-9232-2a3fbf5c1368,YitaoLiu1996
94c5e93c-0b28-5226-b57a-c1ec04c203df,milycris009
939b923c-31e2-5c4b-8b54-03be65809b1b,usernameisregistered
4e8fe4fb-d1b1-5336-900f-782eebeb0c20,scictor
fb351c6b-dc91-580a-8621-945a5a2b827a,diofkgishjvg
8980dd7a-3f51-5e34-8ff3-f2929d28128e,CGliangyongqi
83453b77-e33a-53b3-8f6f-81106edebb34,yaolutong
da74679f-9f7b-5ec9-9788-b383ebde6d1a,cycleuser
2093536a-eb19-55d7-9ac2-dc9879295e8e,codemee
39a7825f-52d9-54d3-9a8f-edc8f1294e7b,starseaHG
2bcaeb58-b984-502e-92f2-ee97f725c3e2,koi646
80e63149-21a0-5364-8d90-abcdab81ece1,q2228904985
ed847dcc-6abd-51a1-97cb-5887a72b233f,cupscc
17484db3-5702-5da0-b105-dc3fec0420bd,JeremySun1224
eac2ba75-abc2-5ebf-b84a-ac56b9318cfa,sumingcheng
7f6698a2-57e4-517d-aa85-7c06df1e7bb8,hydraxman
deae65bf-e856-5e21-a964-c238eae55781,CantBlues
ef8e94f4-64fe-51d7-ac98-21f5c4bef6d9,Jieszs
7cc4564c-4e22-5b36-8e6b-2acf836988d5,QuarticCat
3555148a-a0b5-5a23-a5a2-415fa97e3be6,Attri508
e9c8ee4a-7fbd-5730-a943-5cad3c7655d8,chenxujie1985
7e57d24c-1014-5a0c-bfa4-ea4db3f72061,danerlt
7a12683e-c86c-5d24-8d9b-42bde8ce5b31,yrqUni
af4de363-0f71-5a1f-b618-97b5a179a635,LemonDrug
1affa044-2ea2-500b-8ef9-b7dd9003672a,2228132428
80258b4b-a428-559c-961a-a941e3376c1b,xiaobocser
3772ca56-71a0-5d44-be91-f36b42152a32,Mr-Loevan
710e3499-8697-57f2-9ae7-a4fc89e11404,hao203
6bc1e2c1-9610-51fa-8381-1749a806a173,TrellixVulnTeam
c1a20838-7c74-5012-a14d-29daa8b0a780,KnightLancelot
65fc04e1-c2b4-5f04-8480-55b822e1d406,teohsinyee
3d2a6659-7b7e-56bd-a19f-8ef60c3144ab,zzzkey23
d328a9fe-9f76-5ddc-ab51-dc929122524c,zerohope
5599fa76-32e6-5d4f-a5aa-2c5cebb5f230,peterchenhao
68f0c655-8840-5565-929c-a1657f034bb0,XiaoXiaoYi123
997bed8f-5dc5-5253-ab36-7824fd93ebb2,PeggyPeppa
0af7a4b7-8683-5985-b802-2a48865d486a,rockm3
47e9863d-c8e1-5c9d-84a6-525f46c97b07,BringGit
e10335e9-2dab-5d40-b636-2a98f8d3c7f2,chenxizhang
05d4553e-bfdb-5870-b5d8-4b14a6835871,b11p
fb57f725-c545-5562-a9d1-c7e3a068430b,unravel-xu
09c56128-3954-568a-9475-d6f879b7bbac,aceace3
bd480451-3bcf-50c3-be0e-29c518030bf1,xonejyr
c6dfb169-77e9-515e-9038-cde4e593fe41,xja
13058cc5-9887-5589-8dd4-1a5cc1a948c8,ppdog0
84f00b30-0f1c-561c-9751-57ea76c6ef3e,feng-1985
f6fca971-b436-5c16-97c7-b009f95cf3c2,xiaowuhu
abab4970-1383-5d09-8715-22afb782c38b,lillzhen
ff647f58-9f45-5df5-964a-fd5de542234c,candidodmv
2383c191-c682-56fb-91bc-04d86e93205d,bestamikildi94-tech
0dd0ba59-f6db-5050-ac9f-a07c40676b3d,KrisB1022
3fbb79a1-89df-5aac-9d80-2efaf795cf06,LianwMS
b3e7513f-b010-5338-ac7b-752319b8f8c0,grecoe
d3c1622b-e957-5faa-aefc-52b7be1921db,SimplePath17
aa70b508-61d8-5a9e-9b29-7a17f68144ff,Indigo-10
ce967541-4169-559b-88a0-56928f78e4fa,T3chfalcon
0c4f2d13-3e16-58a6-b64a-0351a84f39fb,axecopfire
d350b583-bec9-58f0-bc49-90c5dde3a209,benbastaki
e7668a13-8842-51db-b23b-a7f4e694f0e1,Raffa50
86a297df-3899-541c-a865-6137eb182224,vhxma
0022d595-bb2b-562f-b2c0-1d1848c555db,anevjes
7bb5d12e-ecf6-5f08-b2a1-e7e2ca8a4d2d,Fitz161
b8554d84-ca49-5783-89b0-fabee2cdcbb2,rebornwwp
144317c1-fad3-5cc9-93c5-61817bfd3d72,hanyang2508
21c603cf-7866-55dd-9e1f-c73eee6f6028,xxlyu-2046
be987ba3-7a14-5e43-a718-97976c9ae5f8,harleyszhang
18716e36-05a9-51e6-acec-3ca26bd02839,youxiudeshouyeren
ff7ea730-fe4f-5210-9509-3ffa1b80bc16,yiliu30
2ff78043-509f-5ae3-9002-e2ce99a353c5,YanjieGao
e30198b2-85c9-5b27-ae6b-b4ad142c8287,fire-heart-li
bb97f214-ad3f-5bf6-81c2-001006c8f8fc,Mo-guan
aceb3bcd-5102-53b5-b8d0-5f27ed2dcfb2,yuemingPAN
df08bcce-c5a3-5590-a96b-1b55aff761d5,daisyarg
b7303d7d-02e2-576a-877d-950468c67365,cbcbHH
4a45a5e0-cc6f-5522-974d-c217d0fa5c1c,Donnadonnam
47bb65b9-3df8-51a1-95b3-fc650765f5af,Tonystarkw12
b58394aa-6b08-52d2-920b-0da19aa7773e,Lwy440
ab5eb3fe-5212-55dc-8af4-c53d1b0fa645,Eipgen
785921c4-5f15-582e-902c-b66b0cc766bb,dahaiai
a557cbd1-f001-5a23-a486-b3b5090bb4b9,sivadasetty
73bfb15b-18f5-57af-88ca-8db4044bd02d,tianyi-shui
c3f36026-da41-509c-8028-5ba323401da5,193384770
d24882cf-46af-5e09-b0d4-429c000b5947,cap-jmk-real
77dd63f7-4302-5857-9e25-2c17c0eb2622,XIANZHE-LI
32f42727-0d29-5cc4-a0cd-e8d072dfdd00,adrienchaton
81b989af-b8e6-5d2d-9645-c6e91eac083f,Markus92
5988d306-a6bc-52a8-b72c-88f1b81a319a,Jennyhu666
ce780f5f-1034-528f-b8b8-4a047fa90090,957-z
2ed546ab-d1ee-5043-9769-0e49eb68cde0,Shirosaru
6a335454-ab5e-55d0-8715-430564fd2093,keisey88
f2367a4a-3ddc-585f-898f-1b3ccca130ee,CalvinGe
d5952209-720f-52c8-806d-18cb94e96e36,Youngerkind
a67b22f2-6d3d-5e11-a610-c72f0b692f4d,Liuyang9529
242c0cc3-899f-5f2f-82eb-4ac1b5b81c8c,junqili
a553f68a-6f7a-5ec2-ad14-fad8804a8e47,thippo
57e50fb8-49c6-5a90-a642-80da2dd32a69,Crx123456
8990b49d-aa59-56a5-8806-171999decce4,Ivvy-lwy
6eb1d60e-1f5a-5d5c-bd2a-0bfb44e35864,amitmisra1587
5546c1bc-31b2-5148-9cf7-d01441ddec9f,snozhati
49ae4295-88c1-5793-b972-fd791fe744a9,temporaer
1ef3e871-e4c4-5927-b0ca-ed67e274e1e0,kody-w
a44d2616-4b16-5250-9704-79f1389f16f5,mullerhai
9ce572b7-b28c-54fc-b9b2-830b839b304b,AaronFriel
d7a32189-db81-523a-9354-21af5c6c3068,mmoskal
ec190d03-9e2f-5bb9-a5af-5937faceb009,superchargez
137eee2e-8f9f-5460-b30f-cdff25a34990,TheMrCodes
b12ecc8e-a2c1-5a7f-a9b8-16d1dd05b1b1,matthai
40127dda-5dc4-5e3f-943c-177a304fd224,vargonis
095a3ebf-f975-5ac0-971a-033223066052,anielennova
39d2cfd3-7647-5655-b28e-3396935f457e,samrat
bb8a1b2f-7de9-51ad-ad7e-23d69f1b8c71,lemmy
3fdb7679-14bf-5248-9457-be2bcc33f2e9,emrekiciman
8bd2ed75-0ae6-5cb9-82e1-ba5a2fd2ee11,darvin
5fbe3f07-34fe-5370-a63a-fe6d15444b4c,jamatya
a5e7aaec-2f52-531e-8070-b71ef706dac3,tam203
b87fdb9f-71f3-5780-accf-8f3dc2420b7d,jameshalgren
7757b09a-7917-557b-b23f-aac212025b65,yvanlebras
e45cc12c-1ff3-5342-8046-511a0ff7f563,NickAzureDevops
f1eb5776-dd4d-5abd-a05c-28d13075ea34,ltalirz
c1e2e98a-0f66-5811-9052-d3f5b1a8ae3d,basnijholt
6cc97a64-9dd9-5d35-8357-e9bc1877daf4,jbweston
44575215-3430-5905-8447-8a35056c9291,louisponet
797c912e-27a6-537a-8bc8-45aaa95d10a1,ConradJohnston
d49c2596-fa4e-5b10-be93-3ad79b33787d,Bayashka1234
36758143-ef3a-5fa3-9e8b-96254e0156ba,Joanne201
9b020b3f-d5c0-5732-b4c3-b6838de8fb7c,jamesmichaeltate1
0425c92d-a654-53a9-9752-881efb40464f,Igetsisss
26ab6f71-faad-5e6a-b9e6-9afe0a2806d7,Tyler-Franklin
6555346b-b84e-51fa-962a-3d1664a76c67,ttkrpink
c38855f0-ebf2-5500-8218-962bbbf49a30,huntr-helper
267b3e33-d2c3-51b8-97be-ec112126346e,Henrilux
064264cb-7a3b-56a2-bc4b-0acde13aef85,enquel
4201696f-51a2-5434-addf-3c54adaf1bc2,MiloMindbender
12dbaed2-7ecf-51d4-a421-1782df59a08c,superfluousIT
108d84f0-1e35-5577-b30a-401af88ba78d,jdorhauer
a36054aa-3c2e-59ec-bf87-8a9c96f35ea0,fromEON
ec26d487-a725-5d65-86a2-4e945933f2f6,sir-argupta
0c353ca8-34e7-5931-9cf5-715db491b0ff,saraburnsgibson
48685f9f-88a1-567a-b23b-11e7ac9fd722,Morojs
bb3a2f16-eb73-57b2-a1c0-4db5a057fbfd,junwon83
39b04cd6-bf8f-5021-beae-04d5480482fb,DmitryKakurin
ffa6cb36-0511-551d-9815-f423fc0065c8,ejarvi
08d058c3-d486-5d6f-ba6c-2d69d75561d1,aenony
d186c9f6-26e8-595e-a566-f2fa70ce8931,clairernovotny
795fce5f-4b60-5ea7-b9e3-a602b749316f,aggarwalsachin
4eeba268-3f2c-5edb-91eb-460e7f3c3750,Farhad-Heybati
df0757b2-7612-58bf-abd9-91ad2d782fc0,nils-fl
fa419191-3d73-5ea2-be29-22321a751a40,ashifalimollick
7769c532-a716-5e5d-87b4-e3127d702131,athulaugustine
0d2646c4-ba3a-54cc-adcf-dc3ba6f3fcc0,bhithesh
c3cd15e3-3f5c-575e-a3fa-c66f6de18cdc,diptayan2k
9dc07596-6ffd-54bd-80d4-13963bb9a1fa,Suji04
9b583be7-b981-55e3-81eb-ef929abbc580,kokum007
512e6b03-37ea-5d7e-a39b-9238812b278a,recurshawn
b92c8fea-d9d6-54ae-8f5e-9d57ea9991a1,AndreiLuis
88eca247-efc2-59c3-aea9-266155f82088,Mephisztoe
d2619f60-b662-52c4-a2d8-88bc805e8d9d,rekhajoshm
1b67c1b5-be97-5522-a5c2-e40327fb79b6,UTpH
56c128f2-35da-5072-a43a-1930ffcc8bd5,npagare
2728517b-34f5-564e-bd28-e7a347a554bd,Kartikgarg12
886992ca-733d-557e-93d5-0044c59e849e,akshaysethi8
bb66cb0d-be5c-5d98-96a0-6587dffc368c,amrendranj
6469a7c4-c7ea-507d-b767-fe45b628a084,akuu1798
fea9ce90-abee-5d27-b855-4f024302c619,namish800
a506c3aa-9b40-58fc-ae57-610e03d29567,nikramakrishnan
edc03af0-4a97-526d-837a-6c58f0136556,ElderJames
0f6548e0-b87a-557d-aa33-c591aadd7781,juvchan
dedc6d1f-a2a6-5a7a-88d5-a0a78583a65c,Tanaz-R
01d13f94-605d-57ab-80a7-a9e30af595ce,vitrixLab
f469e695-7709-57d9-87a7-412357c47333,Rahuldrabit
34b24c42-f7b7-59fd-9e22-c66e5f8148e1,KaminariOS
983acfe5-e26f-5227-aaca-81101ca0ac88,n1k0ver3E
2eb52c9f-1461-5155-bb03-2c146fcc49e0,zhangddjs
7e902d33-6e02-5555-ba6f-7d74924dc428,archetana
99e96248-29b2-5746-b7b8-2083d6b0d7dc,iFurySt
e83f36e9-cb95-5890-a219-17be3c8653a4,gaganso
22d2e0da-2a74-5385-bf41-33a7f1de3a3d,alessandrocornacchia
51303cc1-6cb0-5094-849d-965577b184db,lostein85
da0c3483-6d72-5f49-8f66-962ef88d07ff,HacksonClark
56a4ed12-856c-5562-ac4b-2b29d0a295c5,carryaimp
20ccd9aa-5b11-5209-91e3-d4f21e0b29e5,FtimaBen
23119667-ded2-5cdb-81aa-0323a7b2a182,Noblezhong
547ced95-1427-57d9-9bf9-cc36823d81cd,hgffcd
e35c6d72-c326-546d-8179-e45a22b44aae,quykova
bebfebe1-a44e-5abe-a166-81098b4d9139,babycobra2023
7a2d7520-8204-5b18-b808-0c268833d8fc,niunaicoke
1593b626-9b51-53df-9547-21c82ec02911,a812305914
ea1a29bb-9804-59d2-adac-82582652d7e1,yajunjiao
f78c2da3-760b-507f-a6cf-87e69bb0bda5,parinika77
dde2e64e-fd27-530f-a9fa-b2eef8b8d4dc,Joyymoonh
c9ea6f52-e6ed-5013-86e6-fd85113ee603,xuyihaowwa123
7e24b123-1248-5e9f-b511-cbb0a8dcbf81,zqi170498-star
88e33710-be6c-5f8f-9f24-be3ea568eca6,Yute-Tjr
d2ed2613-f5ba-55db-ab86-538ce27846a2,zahidullahzahid
f8d0f027-e89d-5acf-9c37-84cd6e488f7a,LYL0727
459b82f3-91fd-5b13-a10c-c7962af51040,Teyk0o
a85c508a-b327-5218-b29c-e5d94449d5f6,Aditya12123
d6463e4c-d9aa-51ee-ae99-e795b7597147,nuaawyf
65389bd4-5986-509e-b78a-c3648696605d,epiphany-cc
cb02e031-7614-5dc3-a934-f72edccef8cd,jonyMarino
7d7f8bff-464d-5b1e-bb4c-8638e4382fa4,rayyush
c71e7c25-7e27-5f53-9097-135c802a3e00,soumildatta
d3db1b55-92a7-5af9-b13c-9417e84b0b8c,sidharthmohannair
000432d0-8ac7-53bd-8ac6-bc0ebb6ec87f,MinJuune
0f3e7821-11f3-51e4-82bc-a46edfb2be3f,Dramano
c1dd045e-1ad2-57df-aca9-06330da6ffd1,giafabdrone
f545d35b-114c-54c8-8de2-1769ca41fe66,cychitivav
14ca7ecc-6616-54e9-8e21-3a64b67480fe,Snoeprol
4d72f558-1c63-50a5-9511-def6a2cbac6e,maksym-borovyk
dc7fa90e-9d99-5734-aae9-d1eae938d538,iagupov
ed377e89-0596-53e4-ac2b-6d27a1c5fe44,chiqiangzhe
9149cd5c-d847-5f29-aa99-32c64fd70f39,LiamSaboridoSueiro
257bd2a3-2498-5de4-9243-ef683a816025,MinIN-git
fba11779-6bd0-5dd8-9386-4eed3506a9c0,niuoruo
2625ca1a-d115-5d5b-89dd-02ecb1652a90,Tse-Lu
1ec69c1e-a727-5dc8-9c20-03e6dd2f5c03,HarryK4673
ba2ec943-ec37-5b94-87ce-0cf3f361402e,554773162
7f980fee-91d1-5304-a283-3bd2c1beedde,valeriavalery
8cb9dc85-0a17-5a26-a78a-c01ebba27ec5,conjr123-fnc
b65ab494-800b-5b10-a098-12dd60464564,zara870221
d07d2771-d0f2-5c78-a1c6-7e5086cf528b,felipeliliti
59a50167-0398-5b6f-85e0-946bada62882,reza-shahriari
52e67d90-0b0f-5313-ad0a-0828f8bce06d,Templarrr
8e706e4e-19e4-5f34-9464-6efd2a76891c,nvhungv2k
2259d224-6219-582d-ad73-bd4870e754d5,mytacker
cd05efe3-6c5c-57e7-8b6d-a06635b4cbd1,ReplanZ
d7f7cf47-9689-5bbd-ac45-4b31ede9bb8e,Harsh188
518dbb61-4d21-5d3d-bc80-ba36b92c9014,ZeqianLi-Dev
484680b0-2f4a-51d7-925e-80648aacf4c2,sandilyasg
7216f0c8-ef1d-5016-af4c-7b52e4e9b67b,Chen1DONG
79bb40fb-2dc4-5a51-9e0e-b152034b30f0,majingchunn
c9b22795-383f-58c4-8ec9-1d7a787c0992,aklein1995
bc66c5c1-f530-5975-9275-404a4fe89494,PiggyGaGa
71c4e53d-7f57-5065-bb23-7316f14ede23,LeightonWang
ea66b597-dc91-54e4-b0f7-c430e2d51fc6,HexaWarriorW
f30e2d2a-8e2d-5602-b4c3-44dd0ebe5780,detront
a1b21a7d-7c15-5245-99b2-25f74f8d080f,Close-Recover
f4544193-af94-59a1-aabc-51e7a392cc90,1234238
8d57461c-8472-5a5a-95e3-9a53cd16436f,kcee454
9d2d665e-f7c3-57ff-bedc-f6898eba8740,lionelalliaj
ab519281-58fc-5cef-9475-b7d972375015,Swesser
fc550093-0e8c-522d-8a1b-f5a3ba93cb82,NikitaYeryomin
09800513-3f90-5960-b980-7621ba0d1937,mgmateus
7c98e708-df98-5082-8ed8-1aba0eb6066c,adityaomar3
672ec21f-c977-5401-9d8d-408ba2cc0628,zhongxiangrong
803463f9-471b-5818-8aa4-1c8ca9c34d71,UESTC-LU
f1daec6a-719f-5e3d-b714-f66a80c4aac4,zRiverBird
22c0fa4a-50da-573d-a7d2-610efa53b381,Tzoulio
b831a5be-46d8-5cb6-87b4-0133babdab21,vhytyk
559c7d7b-9c7b-53f0-9c54-3cc60f5c14e9,1aal
f989e3a6-d253-5d70-942a-9ee6a01122a6,hseysen
009dd3ee-5a6c-5dcb-bda2-adb6bc4a49ae,Z-Xiong
6fe884e6-36ab-5498-9f0b-4d701546a30b,Tinsley569
31a1bf58-3bc2-5bfb-8493-788d186c6eda,M3OT
8698736e-1e8a-5105-9c59-567c2ca16868,robotics-dotcom
42727e9c-7c2f-50dc-814a-f6eb95f6a310,bb6698
7d34f5c6-daeb-5c91-8ada-0a925a3f7c73,avpodtikhov
0ef969ff-e5d1-50af-a91d-0e0b0436321d,wjh-scut
54839f9f-4d1e-54a7-ba55-714e98ff0ecd,WEIIEW97
402bcb05-1649-5055-b83d-05b85b20a85b,schakour
ba373513-0c3a-5d2a-a073-41a35c080203,kanishkanarch
1561cacc-07aa-5021-a77e-5c65389d067b,xuqingyuan2000
c276a4ca-bab6-5314-a8da-adb2ded87a1f,anmistu
821185e6-5457-5c36-a36c-baff956fea7d,LN-123-hub
361a99a3-c42f-5478-ba6c-c9d454d7876c,santurini
a5f50c71-254e-5d22-bb88-171c98889594,FelixSchladt
d5feb8ce-3f41-56dd-b0a6-9dd9af298492,xbtangx
342cd320-a0f7-5ead-aa9f-1bdb81fe146f,qipaworld
17f8688d-6a11-55ca-8c3c-5408cb496d98,Charles-Lim93
a74f4613-5d2e-5553-9c1d-fa0685807167,Bruce-Si
a13a2a98-2b5e-56b4-8e79-6f86a2122063,Liuzy0908
19a72b81-bea4-59bb-ac02-5682b81a7659,abhishekphadke
c446b5dc-52e0-5d91-903b-d7228ac1e89a,CalinArdelean
82f25f89-4a81-5fdf-909e-de5673c48746,DHrobotman
f57bec21-e2a2-51f5-8460-d5d70160d238,agam002
07f26836-07bf-539e-b9c4-25283697497b,Aklice-new
5327ec88-0d1c-57b2-b82e-3405e4135a8e,blackcyavuz
272f10b3-b67c-5e5a-bd41-cf5f7a6551f0,Sautenich
54dbc5f4-89b9-5b69-b859-0b0bff2efec4,shabpompeiano
f869c1bb-120e-5e90-ac45-86c460e05506,sinancimen
a7e550c2-bc31-5c14-a251-eefd4925342f,WreckItTim
b5a0e0a2-5851-51eb-9bbd-7f8126af40b8,Derkai52
2f22ddee-824f-5620-ada2-ae836b121abf,jhunmk29
e608592a-88ac-5a21-b4a3-648dea412d0f,amadorneto
8ec92aee-f478-54a3-991c-364af0652e7e,mosheFuks
d83e250e-8399-5356-b5a7-b86bf76255e1,mgrallos
e794b099-08cf-5136-85c4-4d20341f68a1,tanyaspaul
754ab360-2a69-5371-9a4c-faf905568aec,2750666716
5a58f898-035d-54e8-9335-f55dcd13525b,fratopa
3579e1a5-d9ff-577a-99b6-e352355c138f,brishi28
27da0a43-065d-5532-9e97-77cd7fcebf1b,erinline
f6bd43b0-8e7f-5a42-8d95-05c84da46571,rhalaly
272bf05f-d95c-518e-afa3-6b8d4300f34f,Holdenpham
9ab66301-ced8-537f-9b0c-833ed82746aa,meron1999
2e960c8f-6b02-59e7-8bd4-1f0c6c2347fc,liganggg
be8f80b9-3462-57d8-a226-34a8863e3c62,TomAvrech
546fe6de-a713-56cd-9486-876414f4c115,dr-chris-fink
6bd6a8b7-5a27-51d1-b29e-50328298df10,SworterW
6ab29b4e-29b4-5f0d-a3bc-f4a5e4fdcb56,FatalJack
ff905a2a-3f29-560a-9842-0d8c991b9b4c,AshishSingh-Glitch90
c627f96c-880f-5ad5-9472-e3a521984945,asaltedfish4
ff92dc33-75f3-5d80-95b9-32b677396017,zclyaya
a0ab6ec3-08cf-5a15-84be-ec053d1eca42,ZhangFanSC
723938f9-348a-5c32-8240-13e96b776064,haildceu1
0666d951-d4a1-51ce-8a19-38d45727371c,Thanmai01
6133eb57-df1d-5da5-95a9-def8d8826619,Neurowerk
8e3bbac8-cddd-5855-8ecb-4eb797f65b0e,DarkKnightCyd
b967505d-95f7-5cdb-909a-b4dd86307ee1,IgorehaV
8c86b7a2-5815-54db-b5e1-ec949e9aeca3,cryptik
c360cc52-96a5-59cb-836d-e5f4e68fd16b,mattbrth
3475d98f-a108-5754-b9d1-4bc1f32f57a8,amantiwary10
826a037c-62b3-5f12-8e25-14f8052fd9c0,Akaa008
e96f5821-30c2-5b2b-a9c9-1d1bc843e0ed,SeaingAnt
a1658925-bb25-5c91-8a2d-6aab8cce21a2,fangzhouxia
71cc97f8-d2df-577c-a1af-a7e22f6a5159,LopezBejarAlvaro
1f32735d-aba1-592e-9b18-b9c137aa613f,LarsLeferenz
c267ef4c-6d81-5a88-b81c-75087491882a,nilsiism
02fedc6e-9fbd-5640-954c-ae4a0cad1680,Dankrupt
e855e839-7c4c-5574-8d10-b97b41929573,sotpapathe
90c1b8d8-1fea-5598-99c1-a499ff248f1e,milkcat0904
a84df6e5-0608-53a9-aed5-505a2a270e14,kienchen
a7ab81c9-b4c4-5e6a-95dd-31d094dfcea1,Zachary9079
254184e7-3be9-58ae-8bb0-3c146aff3470,vishnuchipade
4116ab23-4874-5420-85e1-99aa82ce3b4d,jhchance
b2d344a3-e9cc-5ba6-bb5b-360fb8d02d69,TalonX1
3ec8bf26-4249-578e-970e-51c8e8b283c8,azzurras18
36899036-e324-5bdd-b1e5-c1fccc7566b2,Nastasia0312
5c714592-0a3e-5030-b206-4c2990ca372e,dellhuyongcai
ba507afe-f146-5f06-80de-9e76f61f652c,subedisuman
1b146cdc-19aa-55d7-80d2-4f66c2ded1f3,Dongzhou-1996
45b84280-4b7f-5187-b1cb-655c626ee4af,Ajay-NRT
e9b0b8a4-43b6-5115-8de2-130dadeb9514,SayaliPatiil
a05a02ec-23fa-551d-8367-05d6389101f5,Prajitkk1
42627a6a-bc60-50fb-9b18-8875c7b0e81e,alonfaraj
9acd0d9f-9801-5fbf-970b-bb874e599e55,BartoszBar
7e510e9f-fcae-599f-839c-afe753a3c46b,mickynnamdi
e459afcf-7580-51fd-ac00-57f8525493c8,binouc
e5edd8f2-ce6a-57e1-8ae1-1c62895b6fcf,paaraujo
1c305d2a-88b1-5936-b474-dcfb77c6a314,webshared
ad8d50c3-8076-5d09-99b1-2064f1c5fcb7,wangdayan
5be7221b-7eda-55b7-a190-bf73f760aa09,1080772AntonioDidier
1c3319c6-4367-559a-b7c6-eddb776f478b,dzywater
3c042a27-bbf7-5f24-b89a-04af527321c8,EvelynM7
f6a56a2e-5ec6-5543-b744-81a28a30741e,bitshenwenxiao
e659dc4f-219a-5769-b512-fabe9e770b71,Mengyuliu0520
2bd5601e-513d-5aab-a0e2-16d266e5e368,d137578736
a8dd78d8-5a63-540b-b7d9-5ca5d01ed15b,AlibekJ
1ba91ba7-d139-5d82-9e5e-bd01e9a96ba8,nikola-j
3cc0f900-35e2-5ddf-9354-23a4e0ede465,wuhaixiang
8a042328-93fd-5187-8190-2eb87ac4b9c0,a873054267
5640b198-43ce-5bdc-8ccb-595583fdeb01,RustyRaptor
56bd99b8-88ee-50a4-b9aa-d66834b8f6af,dskuma
42eb1938-7618-59ec-b766-a3353072182c,davidtr99
f02c7a61-572e-5bcf-a6b6-9244e5306076,DonMaEn
88e9ab77-772d-56e7-941d-705d366bc720,ChibuikemEzemaduka
beefb5f9-5e5d-5a03-bb74-ed0de6a11366,talha-opteran
43811525-530b-5d6b-9fcc-03e4e995e0d3,Iaxama
67d18655-b61d-5feb-b15d-469bdeef9e9a,JiancongWang
14649c38-d2bf-5ef7-9c8b-b31e78e5cf5b,deadseason
9f166799-0b3a-5c35-9647-920b05e05933,lukas-utopiacompression
3190c82d-4165-5be6-b9cd-551d37d2ea64,Tomakko
207e0bcc-5b72-5f56-a2e0-6d0189ab5686,HarrySoteriou
20c51cca-aaa0-5cef-ba1e-3815edd617b0,deoliveirajoshua
34a1c6f9-7499-509f-90ea-69c05971b631,MohammadMedhat
d41499d0-db9a-5d2f-b039-b201722a8e1a,StepLogic
fd575e4e-5151-567e-9779-54fc10438428,Khepu
b5e422d9-26a6-53e9-b731-0bd44779b67b,zimmy87
8fbf4021-0f1b-568b-addf-80e53441424c,sukumarkar
68bd64d1-0c55-51df-ad41-32687ccfa4ca,shijianjian
88a3d8bf-217d-54a7-adab-271160046a93,TorsteinOtterlei
0b451324-c0fc-53ad-8375-bcf3844625c0,HSC-1
7ba97543-d5c4-5da2-b441-0c0424a61d05,WarrenSkywalker
7da1fea8-ae14-570f-85a1-34d67ebcaa97,ibrahim-aydin
85ea4912-10ae-57ef-8d2c-298ee2b8cf4b,nabil-mokhtar
6bd509c7-9ef1-5339-a53e-71f4ead16d1a,p3jawors
5138bf31-a14a-5b11-83bf-ac7a7a605546,kutilanak
d79bebbe-0c73-5cfd-a191-8c4d0a92b39f,Ibrahim2595
bbbb33fb-a0ea-5a6d-8881-f0fbbaf5a5b5,ajordan5
8223860a-312b-5275-a9c4-f30f63139fae,huytd-pi
3a4f86d7-eefd-5f86-8933-39d0897dcbfd,JuanshuB2
76123233-f4e3-56d3-9b57-df3d9c70078c,Kevinlibaba
9af33a88-d1dc-5da5-b391-f5680b80d9c3,niwc-jamelc
01aa2760-7ca8-554f-ad2d-aa3cc2133cf9,BBBBBBob
f6c4e4f2-2414-54f2-8648-b22c47aa4dd8,MartinRossel-67
02df0d5b-986c-5c99-b534-9964e053f16a,StarsTesla
e5cd34f2-a395-5ffe-9da1-9756a23fa1d3,wouter-heerwegh
35f46b03-fb22-509c-a53d-ce6c5a7fa502,StardustLu
a0fcc464-e1df-50ed-84be-1c1418da6c32,capsulecorplab
c12e5555-7b97-5b32-8ecb-044a4f995b19,marionro
e9bc1eab-1a89-5d19-b479-ba384b7e1a5b,zdjeffri
6ce99009-412f-5d84-82bf-d0640a708d7c,SaundersJE97
1db7376c-46f0-5ea7-9a21-7649041e0aad,mgodmere
1b48f0ef-364a-5fa5-a405-ffd214c1c492,LucasMa00
20857fef-0550-5a0a-af4b-f1b161422376,krishnarajk
f715c36b-9f61-532c-ae03-52dc776a4ff0,danialvi
4463aa9c-ab35-576e-a369-23b7365fe011,akhil22
f8622b5d-78da-5bdb-94ec-2b532b744f4e,thomasTUK
e9500cfc-b19b-5fc9-a2a4-ce73537f4920,COATZ
a905b0ed-764c-502d-a862-9addc53b7cf4,rsj007
1b7420a0-3807-55a2-b139-3feebdf44908,hawksam
672e0fdd-b582-5ae7-93e2-6acfcf40952a,QSJZDDY
761f8951-2503-5463-ae55-2415f74ef2bb,trmthcode3
64898cda-b2a2-5aa4-a10f-bd566d42d0d0,ayush055
59d0a053-e21f-5088-bcd5-585537516b90,inuex3
65e53ac5-7f53-51fc-9754-ccb37d58f8c1,Vampireqyz
4462b5b1-3087-51ed-96ce-b32093654b5f,nikhil-sethi
054a5a8c-6579-5024-8340-5d44dc4df8d7,AmitNativ1984
02d622b1-4d2c-5f12-9c00-4d5eec1c9c79,pdx97
bcced9ea-4130-5d45-9d4b-5af319f639ac,aaronj0
1afa2e7f-1e53-516d-9784-e80a23941c61,zardosht
647e4009-359b-5970-8186-36c52615f248,yannbouteiller
9c49f378-5ac7-5cba-9754-9196345ad20a,mmuetert
c8dd65e3-dc31-5737-b11c-3f48e1a05f11,bineet-coderep
61d32890-9cdf-54d8-8a56-1d5feb841602,Leon-Redfield
84fa10b6-d1b0-5c56-b875-583c12fdf91d,jeffsp
007f22c4-81ae-5901-962b-1beed88a2fdf,Paul1327
8f6d38e9-4eaf-528e-b39f-07c18c3e6931,Seungjoo-Kim0516
3df1b92f-1d71-5c26-88db-c2863df90845,Dadaism6
34ae555c-b659-585c-883f-2fe7ddc04e57,githjz
8fa0cd94-2e8c-58f3-8411-322e619800d4,hc825b
9504b597-cf68-511d-a8f5-45b5b1bcd829,gwnudt
7ca2b27f-2e84-5af2-ba98-02f8b05b6de8,AlexanderZ3
7ba32ce5-cb3d-512d-9989-a5539b08917b,brunopinto900
0b17f07e-1a7a-52c3-a80f-04502f2c9127,mkygogo
40225574-7c6a-5277-b0bb-eab349a37a2a,wanghanyu666
5a32c0ca-46a2-5f1b-b6c4-4e0a983edc02,PartiallyObservable
9b80a519-8907-59de-93e8-21b897533726,k0286
949320b0-8c89-5593-8ae6-155218118454,archit120
95bd0485-e4d6-5e05-90a9-090196e1deb4,the-ninth-moon
a3afa1fa-8ad0-5881-9282-eb4113600c2e,bishoy-gerges
ff6ed28e-840b-51d6-9529-c088f3782146,DLPerf
76faa44b-4926-5ad9-a791-269d9d46a1bf,phew-phew
b1e3b95c-e385-5347-9f17-cacf73811bab,KIYONG-KWON
4af98252-708d-5c45-b331-690c81f5f088,kochsebastian
ccbe1ea2-d37b-5623-a613-17b0db4f619f,skamano
405335c3-e7f9-592d-b2c2-dbea668d0c48,AlessandroSaviolo
8bc19649-476f-5772-b76a-79703d859611,hbzhang
632b09d8-2e81-5feb-a786-322134150652,collinabidi
92b439bd-d10a-5253-9f45-63b84948c892,Sohojoe
22ef54b3-384e-56d7-84b2-d06495285ade,ugurkanates
6975e990-d104-5298-8137-8e062aa3e0e8,uscodorbay
7bc5e689-101c-5d44-8b4c-5d172532df78,Ujwal2910
b3a28267-2c45-5e84-a408-087b59d94aff,layman-n-ish
c1dfc297-9325-502b-934a-dd9aa8c7973c,StanislavSychev
397eb39a-c4b5-5970-92de-35cdf1f618dc,anas-abulehia
f4014523-6dd3-5858-9c24-b09419d6e9fc,madratman
44976414-c781-502b-b8cf-831c23a26b9a,devlead
b04afb27-4698-56da-86e6-ce7603d0d8e7,saurabhksinha900
a3903c1f-d495-5b37-bb60-dedaacec65ec,proshikari
542fbf1f-e75b-500e-9414-b82730b62663,Kagigz
9e3b9b6e-bb9f-5191-b7c0-d17da30ff9a2,m928983006-cell
eea70515-59d2-5681-ba2d-b97526eddbb8,mbtools
13472c64-2d2c-5f0a-9b2d-d99589859108,lingcSun
8036bbf2-b509-508c-aa9c-0676f6c7baf6,Neil-Nicholls
58226c82-417f-5f12-a487-d5a96adec003,srinora
8e376a70-4ae5-5c46-8504-92f834ee234e,Priyankash1201
e073be0f-7d06-5ab3-9a06-d0214379f55c,vaibhago
a40fa7f7-b87d-57f4-9678-6b53b6d60aab,uccadi
57ecc016-b3fe-56a9-98ff-2b4f69d0f28e,mbn-ms-dk
db51d13a-4767-5ca0-9acd-f0e4b44d1e3e,ltim-rkm
a4f47072-15f3-541b-acad-ff5be50f93b5,jdkorigan
bb692085-1bc8-56d6-a3c8-a5190ae9906d,Farah-Abdirahman
218ab529-a960-58e2-b1a0-9c7932e015b2,BethanyJep
fd18884f-191f-533a-b8f9-f341f9fba227,jimbanach
5a456780-a5ce-5202-9e25-ac04150aaab2,S2FrdQ
895872d2-492a-5101-a180-bcff261e965b,alfredodeza
7532f98a-ec58-5552-b5ab-d895cf465c53,sunnynagavo
bb9cb0ae-6d98-5fa0-bd06-103b808f4e20,OscarSantosMu
ddeedc8c-0a6b-52df-a089-361dbe97f2e6,vdekercd
3bb95ff2-b927-5b90-bf01-ee95210654a3,ivanignatiev
771a88e6-e23d-5d06-ba0a-5cc1bdba7675,name-of-okja
d601f94f-ce73-5866-966a-058e09123a62,amynic
5750e3ed-1c0e-5061-ae20-b7b9bcc88973,SCuffy
d01a3e86-d420-5220-acca-c766d80cb039,liamchampton
8521b657-cf12-5436-b46b-72a3fbfa26b2,revodavid
,
3681692d-e574-516c-badd-dd793d55bb97,hkaur008
7cf469d9-5348-5970-85b0-ba5d570cf4ee,terrymandin
73e21878-93b9-5d89-b1f5-0bc9d8d9e3a4,aycabas
d551d83f-85cf-57a2-8593-cf78473f50f7,softchris
444bd0f9-d46e-5172-9553-f7ca386946cf,scottaohara
f856cad7-97ff-5f71-81f0-a90b00b315dd,rob-mckenna
7fdb2330-4a9f-504f-a643-1f84b5b3d9b0,dav-chen
bcc2d771-cfe1-56ee-8ca8-2bab9d385d86,msftgits
ae55e858-9958-594f-b71f-00e1fe6024c2,RobGallo
d55244d4-ca1e-5736-9012-e61125795ccc,nang4ally
4df8e5ce-d8bd-56da-868c-6c632312c57b,shanmukhasaisai
add2a7ba-8116-58bb-8516-dd1d392efde3,SatwikKrSharma
911fae6b-f4fb-594a-9a8e-61f371eb5b28,girishch
b58d0c5a-c339-5d4e-9c05-1dfcc8723fec,kaliyahJ
6f981f58-95f8-581d-b565-12be8e3a9ddf,joshmarks13
a18a0e36-4891-582e-9558-05aec876a90b,yelongshen
334a205c-76c5-53d6-975d-107fe85157fc,galyech
2b8dbc4e-cb15-5c27-bd44-10eacd25baf9,elaizabenitez
e59be389-5b6e-582f-8df7-7176d2c6f474,scottdurow
c1664ceb-dd9d-5567-83d2-f18aac60a838,Laskewitz
8a6dd51d-aeea-5f50-8380-cd3c033e7215,greenie-msft
38d51242-8322-54f6-8836-2530b84f900b,stephentoub
a9e5a573-f490-51ce-ae2d-035dad1fad00,javiercn
030c7a18-2223-5ea8-b7a0-804fe86f64fd,vrdmr
fb07fd14-f4c3-56e2-aab8-8823296401c4,eoindoherty1
babc42ef-85e7-50eb-9938-c3c6344bc65b,DeagleGross
65d4fffc-d516-5d96-9a07-43d59147fdd7,gavin-aguiar
0cf74248-39ed-5bb7-aa12-3a401d4d9145,SiyunZhao
b70e6830-ea18-5f95-baac-61a8b9426eb0,XufangLuo
c49f50a4-9d88-5216-9ca8-f2e4f8ab5646,anzodeg
b6d90fe1-f7dd-5c5f-a346-b1f33701d067,koreyspace
9e51f19b-d396-556f-b193-610de05617d6,glecaros
5b829fc3-5739-52df-8b30-537b602ea2fa,hardik1408
ccfa41ed-96f5-5abf-b957-5f4e3b6719b5,niels9001
ea112778-e7e8-5bc8-bd99-a48b941efbf9,jlxue
2d5157b4-0f63-556e-8086-c2b3554b6629,lynex
21d02247-1b7a-5a53-aa7a-d7cbca10dd01,QuanluZhang
226cbe91-2f74-527a-a0be-b70f50d44372,xuehui1991
1a28cdad-aaac-5907-88eb-958ed73b618f,caoshijie0501
0f684bd9-d2b7-59e9-ae0c-10896d0d2841,philippwitte
fa06b626-a484-5945-b775-56f6902fcecb,vrapolinario
b5956d50-b0e5-5aa2-ad25-5e791030e676,ironclownfish
7b99a5ed-e602-515e-a90f-b35f02c64f43,cmtal
